,period_begin,period_end,period_duration,region_type,region_type_id,table_id,is_seasonally_adjusted,region,city,state,state_code,property_type,property_type_id,median_sale_price,median_sale_price_mom,median_sale_price_yoy,median_list_price,median_list_price_mom,median_list_price_yoy,median_ppsf,median_ppsf_mom,median_ppsf_yoy,median_list_ppsf,median_list_ppsf_mom,median_list_ppsf_yoy,homes_sold,homes_sold_mom,homes_sold_yoy,pending_sales,pending_sales_mom,pending_sales_yoy,new_listings,new_listings_mom,new_listings_yoy,inventory,inventory_mom,inventory_yoy,months_of_supply,months_of_supply_mom,months_of_supply_yoy,median_dom,median_dom_mom,median_dom_yoy,avg_sale_to_list,avg_sale_to_list_mom,avg_sale_to_list_yoy,sold_above_list,sold_above_list_mom,sold_above_list_yoy,price_drops,price_drops_mom,price_drops_yoy,off_market_in_two_weeks,off_market_in_two_weeks_mom,off_market_in_two_weeks_yoy,parent_metro_region,parent_metro_region_metro_code,last_updated
66670,2021-07-01,2021-09-30,90,neighborhood,1,87269,f,"Richmond, VA - Midlothian",Richmond,Virginia,VA,Single Family Residential,6,238000.0,-0.00823002396082928,0.12796208530805694,252474.5,0.10250873362445412,0.23792351066437845,171.09144542772864,-0.01025748501596502,0.09318740225816381,174.25319845668332,0.0036984231104959524,0.12612233355098426,71.0,0.014285714285714237,0.4791666666666667,22.0,0.0,0.8333333333333331,70.0,-0.014084507042253502,0.34615384615384626,17.0,-0.29166666666666663,0.3076923076923077,,,,11.5,3.0,5.5,1.0318881687859438,-0.017437211129032626,0.008832869077569638,0.732394366197183,-0.08189134808853114,0.19072769953051646,,,,0.4090909090909091,-0.1363636363636363,-0.3409090909090909,"Richmond, VA",40060,2022-01-09 14:29:56
209009,2021-07-01,2021-09-30,90,neighborhood,1,60852,f,"Norfolk, VA - Colonial Place",Norfolk,Virginia,VA,Single Family Residential,6,339900.0,0.07071979839344777,0.030312215822976718,362450.0,0.10840978593272176,0.11523076923076925,185.5,-0.003801899695095145,0.08751252155875065,177.68875611080935,-0.04570901336457889,0.0438662303007018,25.0,0.13636363636363644,0.5625,3.0,-0.5714285714285714,-0.5,22.0,-0.2666666666666667,0.0,11.0,-0.08333333333333337,0.10000000000000007,,,,15.0,0.0,-5.5,1.0206121036446518,-0.006586885405686305,0.010914650562361848,0.56,-0.030909090909090886,0.18500000000000005,,,,0.3333333333333333,-0.2380952380952381,-0.16666666666666669,"Virginia Beach, VA",47260,2022-01-09 14:29:56
229908,2021-07-01,2021-09-30,90,neighborhood,1,179926,f,"Norfolk, VA - Snug Harbor",Norfolk,Virginia,VA,Single Family Residential,6,290000.0,0.0,0.16232464929859725,260000.0,0.00038476337052717463,0.08786610878661083,178.30777967064168,0.0,0.19465625717775056,169.14749661705008,-0.010106416488906532,0.1211627464611873,23.0,0.0,0.04545454545454541,3.0,-0.25,-0.7,19.0,-0.24,-0.3448275862068966,9.0,0.8,0.5,,,,15.5,1.5,-4.0,1.0228015200480598,-6.577608531888046e-05,0.034165037538634764,0.6521739130434783,0.0,0.2885375494071146,,,,0.6666666666666666,0.4166666666666666,0.36666666666666653,"Virginia Beach, VA",47260,2022-01-09 14:29:56
235414,2021-07-01,2021-09-30,90,neighborhood,1,65905,f,"Hampton, VA - Wythe",Hampton,Virginia,VA,Single Family Residential,6,213500.0,-0.051111111111111114,0.024963994239078247,200000.0,-0.06976744186046513,-0.06976744186046513,144.53678631099845,0.03399393284021968,0.1808757864508419,144.97041420118344,0.0097496323894799,0.16925659058674605,90.0,0.011235955056179804,-0.09090909090909093,36.0,0.125,0.894736842105263,109.0,-0.0267857142857143,0.11224489795918367,49.0,-0.09259259259259256,-0.15517241379310345,,,,24.0,3.0,-11.5,1.0078006609387915,0.004530473320041528,0.014144423652940885,0.5555555555555556,0.027465667915106184,0.2727272727272728,,,,0.3611111111111111,-0.0763888888888889,-0.007309941520467822,"Virginia Beach, VA",47260,2022-01-09 14:29:56
321945,2021-07-01,2021-09-30,90,neighborhood,1,223055,f,"Poquoson, VA - Central Poquoson",Poquoson,Virginia,VA,Single Family Residential,6,392000.0,-0.037446286065070604,0.045333333333333226,375000.0,-0.007936507936507907,-0.10693022148130504,175.80759258566746,0.006070620207009103,0.06998925494595443,180.31791907514446,0.0496117677508412,0.08822438422738486,28.0,-0.06666666666666665,0.21739130434782614,5.0,-0.16666666666666666,-0.2857142857142857,20.0,-0.2,-0.2,12.0,0.0,-0.33333333333333337,,,,23.0,4.0,-29.0,1.0065313798586195,-0.0011558533891624645,0.020040322827365675,0.5,-0.033333333333333326,0.4130434782608696,,,,0.2,0.033333333333333354,-0.2285714285714285,"Virginia Beach, VA",47260,2022-01-09 14:29:56
351701,2021-07-01,2021-09-30,90,neighborhood,1,208318,f,"Manassas Park, VA - Bloom Crossing",Manassas Park,Virginia,VA,Single Family Residential,6,555000.0,0.004524886877828038,0.19354838709677424,549900.0,0.0,0.16999999999999993,200.4062288422478,-0.017669783510236514,0.20577747686752426,196.42857142857144,0.05519185306419328,0.21505485474920968,23.0,0.1499999999999999,0.3529411764705883,4.0,-0.5555555555555556,-0.4285714285714286,19.0,-0.17391304347826084,0.05555555555555558,3.0,-0.25,-0.25,,,,6.0,1.5,-23.0,1.0302402307227954,0.0006367068469519399,0.020495187119675014,0.6521739130434783,-0.047826086956521685,0.12276214833759592,,,,0.25,-0.1944444444444444,-0.3214285714285714,"Washington, DC",47894,2022-01-09 14:29:56
410428,2021-07-01,2021-09-30,90,neighborhood,1,180009,f,"Norfolk, VA - Estabrook",Norfolk,Virginia,VA,Single Family Residential,6,241250.0,-0.005154639175257714,0.21079046424090328,239900.0,-0.010721649484536131,0.1705293974140034,155.2812974936825,0.0016950425588335705,0.11683239516282605,156.46258503401359,0.0097052154195012,0.07483217524437635,24.0,-0.07692307692307686,-0.2,5.0,-0.5,-0.2857142857142857,31.0,0.06896551724137923,0.7222222222222222,13.0,0.30000000000000004,1.6,,,,21.0,1.5,0.0,1.0158485240516213,0.004995286166514346,0.02190463483460969,0.41666666666666663,-0.1602564102564102,0.08333333333333337,,,,0.0,-0.3,-0.2857142857142857,"Virginia Beach, VA",47260,2022-01-09 14:29:56
577500,2021-07-01,2021-09-30,90,neighborhood,1,63842,f,"Newport News, VA - Windsor Great Park",Newport News,Virginia,VA,Single Family Residential,6,276500.0,0.0737864077669903,0.15208333333333335,281450.0,0.023454545454545398,0.13740149525156586,156.37207019314158,0.0036888015810063735,0.13064085320720076,150.35733921294118,-0.011667866512424241,0.10727148762638117,30.0,0.25,0.034482758620689724,10.0,0.25,1.5,28.0,0.03703703703703697,0.75,9.0,-0.25,0.8,,,,19.0,3.0,-13.5,0.999106255103824,-0.01362615435402148,0.01774072908070634,0.5333333333333333,-0.09166666666666669,0.2919540229885057,,,,0.3,-0.07500000000000001,0.3,"Virginia Beach, VA",47260,2022-01-09 14:29:56
625493,2021-07-01,2021-09-30,90,neighborhood,1,63612,f,"Hampton, VA - Fox Hill",Hampton,Virginia,VA,Single Family Residential,6,274000.0,0.050814956855225406,0.15672823218997367,275000.0,0.03773584905660377,0.14631096290120893,153.3104007214937,-0.003608432326878464,0.18962782099725567,152.88220551378447,0.01075329834019012,0.13324401320632753,86.0,-0.0444444444444444,0.43333333333333335,18.0,-0.18181818181818174,0.0,67.0,-0.1728395061728395,0.0,24.0,0.0,-0.1724137931034483,,,,17.5,-1.5,-5.0,1.0174871383616653,-0.006321058715643035,0.016248327536860563,0.5116279069767442,-0.08837209302325577,0.0616279069767442,,,,0.3888888888888889,-0.24747474747474746,0.05555555555555558,"Virginia Beach, VA",47260,2022-01-09 14:29:56
630923,2021-07-01,2021-09-30,90,neighborhood,1,180510,f,"Chesapeake, VA - Pleasant Grove",Chesapeake,Virginia,VA,Single Family Residential,6,470000.0,-0.0015932023366967973,0.13400159001499534,450000.0,0.0,0.10294117647058833,185.38812785388126,0.016711579929542975,0.15875951758180085,187.4995,0.029233532219570483,0.14890997971014494,317.0,-0.13387978142076504,-0.08908045977011492,68.0,-0.4137931034482759,-0.1807228915662651,302.0,-0.09580838323353293,-0.05919003115264799,110.0,0.11111111111111116,-0.017857142857142905,,,,16.0,2.0,-8.0,1.0189137203718346,-0.006238683558234648,0.02018403247604683,0.6529968454258676,-0.03552774473806686,0.2593186845063273,,,,0.35294117647058826,-0.11257606490872207,0.06378454996456417,"Virginia Beach, VA",47260,2022-01-09 14:29:56
756804,2021-07-01,2021-09-30,90,neighborhood,1,402139,f,"Poquoson, VA - Eastern Poquoson",Poquoson,Virginia,VA,Single Family Residential,6,299500.0,0.015254237288135688,0.3135964912280702,273700.0,-0.018996415770609287,-0.20087591240875916,164.61877523553161,-0.0252413622441644,0.10429818628254672,155.52614162806088,0.005843691854912292,-0.07069799601244896,20.0,-0.16666666666666666,-0.04761904761904767,6.0,-0.1428571428571429,2.0,16.0,-0.15789473684210534,0.1428571428571428,5.0,-0.16666666666666666,-0.5833333333333333,,,,31.0,3.0,-28.0,0.9986295718456522,-0.02084112838467911,0.0201125320269322,0.6,0.01666666666666661,0.3142857142857143,,,,0.5,0.35714285714285715,0.5,"Virginia Beach, VA",47260,2022-01-09 14:29:56
826925,2021-07-01,2021-09-30,90,neighborhood,1,475037,f,"Richmond, VA - Near West",Richmond,Virginia,VA,Single Family Residential,6,390000.0,-0.08477559401584045,-0.10488868487491397,394950.0,-0.024694406716878614,-0.12223580397821975,251.3227513227513,-0.004072959093323947,-0.019317337153754832,253.46854861979415,0.013578361540951931,-0.007368883881339381,73.0,-0.08750000000000001,0.10606060606060597,26.0,0.18181818181818188,0.3684210526315789,76.0,-0.02564102564102566,-0.03797468354430378,19.0,-0.13636363636363635,-0.3666666666666667,,,,8.0,0.0,-1.0,1.0353904208700513,-0.011152482388211872,0.017554727273504378,0.6575342465753424,0.020034246575342474,0.18783727687837273,,,,0.5,-0.2272727272727273,-0.23684210526315785,"Richmond, VA",40060,2022-01-09 14:29:56
868644,2021-07-01,2021-09-30,90,neighborhood,1,178974,f,"Hampton, VA - Phoebus",Hampton,Virginia,VA,Single Family Residential,6,231000.0,-0.03749999999999998,-0.0600203458799593,229900.0,0.0452375539895431,0.11656143759106352,152.2421524663677,0.0306332382117136,0.1604272075219848,139.4736842105263,-0.02841742640065392,0.046999285544177434,51.0,-0.03773584905660377,-0.203125,24.0,0.8461538461538461,1.4,63.0,-0.07352941176470584,0.8,28.0,-0.30000000000000004,1.1538461538461535,,,,16.0,2.0,-16.5,1.0052019689147111,0.010895543568849477,0.010090733570510824,0.5294117647058824,0.05771365149833519,0.1856617647058824,,,,0.375,0.06730769230769229,0.175,"Virginia Beach, VA",47260,2022-01-09 14:29:56
980271,2021-07-01,2021-09-30,90,neighborhood,1,61069,f,"Norfolk, VA - East Ocean View",Norfolk,Virginia,VA,Single Family Residential,6,480000.0,-0.16883116883116878,-0.08554010287673841,569000.0,0.06854460093896719,0.034545454545454435,202.10896309314583,-0.13018143226840415,-0.0069746317065666474,234.0,0.08105974025974017,0.1145961002785516,25.0,-0.3421052631578947,-0.2857142857142857,6.0,-0.1428571428571429,0.2,35.0,-0.07894736842105265,0.2068965517241379,22.0,0.04761904761904767,-0.12,,,,14.0,-1.0,-72.0,1.0142524549616936,-0.0009038383994495192,0.022274417293632328,0.56,0.08631578947368429,0.3885714285714286,,,,0.3333333333333333,-0.38095238095238093,-0.06666666666666671,"Virginia Beach, VA",47260,2022-01-09 14:29:56
1104035,2021-07-01,2021-09-30,90,neighborhood,1,180085,f,"Virginia Beach, VA - Great Neck",Virginia Beach,Virginia,VA,Single Family Residential,6,526250.0,-0.0396897810218978,0.11269690242097476,495000.0,-0.0030211480362537517,0.04772991850989517,231.1164641809803,-0.005037613473908076,0.12638641528396574,224.09049182152,-0.015585639798715856,0.0924615771500645,104.0,-0.06306306306306309,-0.2463768115942029,27.0,-0.3076923076923077,-0.18181818181818174,110.0,0.0576923076923077,-0.06779661016949157,42.0,0.2,-0.19230769230769226,,,,13.0,-2.0,-14.0,1.0122141640101328,0.0006422806109307455,0.022147865959310727,0.5769230769230769,0.03638253638253631,0.2943143812709029,,,,0.5555555555555556,-0.13675213675213674,0.16161616161616166,"Virginia Beach, VA",47260,2022-01-09 14:29:56
1213751,2021-07-01,2021-09-30,90,neighborhood,1,66168,f,"Chesapeake, VA - Butts Road",Chesapeake,Virginia,VA,Single Family Residential,6,500000.0,0.11123458162018007,0.032098255753947764,562500.0,0.03305785123966931,0.2713300937959091,204.5,0.04454513416811556,0.15223140016909076,192.79132451576504,0.019390836791472358,0.08701487124688499,31.0,-0.13888888888888884,-0.03125,6.0,0.2,-0.25,30.0,-0.0625,-0.25,16.0,0.06666666666666665,-0.3846153846153845,,,,19.0,1.0,-22.0,1.00666063755543,0.004044907372301009,0.01823661109087116,0.5483870967741935,0.0761648745519713,0.3608870967741935,,,,0.6666666666666666,0.2666666666666666,0.29166666666666663,"Virginia Beach, VA",47260,2022-01-09 14:29:56
1219353,2021-07-01,2021-09-30,90,neighborhood,1,92244,f,"Norfolk, VA - Larchmont-Edgewater",Norfolk,Virginia,VA,Single Family Residential,6,443000.0,0.003397508493771184,0.1659428872220028,410000.0,0.05128205128205132,0.05155167991792764,203.30368487928845,0.007355619446960394,0.1814852441678352,189.4736842105264,-0.034832535885167326,0.06962013729977135,41.0,-0.3387096774193549,-0.06818181818181823,11.0,-0.2142857142857143,0.10000000000000007,47.0,-0.1454545454545455,0.34285714285714275,26.0,-0.03703703703703709,0.3684210526315789,,,,15.5,-0.5,-14.0,1.017423437432578,0.0037405491819666454,0.02982575239602325,0.5121951219512195,-0.003933910306844978,0.3076496674057649,,,,0.3636363636363637,0.006493506493506496,0.2636363636363637,"Virginia Beach, VA",47260,2022-01-09 14:29:56
1402056,2021-07-01,2021-09-30,90,neighborhood,1,62547,f,"Hampton, VA - Briarfield",Hampton,Virginia,VA,Single Family Residential,6,194000.0,0.047092160302253376,0.015706806282722585,227450.0,0.019955156950672626,0.09508907077515638,142.6872770511296,0.006205097972601603,0.17165099948399254,139.0134529147982,-0.019371848279562287,0.11306633678676348,61.0,0.05172413793103448,0.4186046511627908,20.0,-0.04761904761904767,0.25,54.0,-0.1428571428571429,-0.018181818181818188,24.0,-0.1428571428571429,-0.11111111111111116,,,,21.0,-2.0,-8.0,1.0057369222692447,-0.002939814171710076,0.014301088318071531,0.5081967213114754,-0.043527416619559056,0.15935951200914986,,,,0.35,-0.07857142857142857,0.09999999999999996,"Virginia Beach, VA",47260,2022-01-09 14:29:56
1406423,2021-07-01,2021-09-30,90,neighborhood,1,62006,f,"Chesapeake, VA - Indian River",Chesapeake,Virginia,VA,Single Family Residential,6,258500.0,0.0,0.07730777245259433,265000.0,0.06000000000000005,0.08207431604736627,166.22622861427303,-0.007013168944009607,0.08896615048425137,169.42090395480227,0.02679335730183197,0.08700451977401123,116.0,-0.033333333333333326,-0.049180327868852514,34.0,-0.2608695652173913,0.2592592592592593,130.0,-0.0972222222222222,0.2871287128712872,47.0,-0.07843137254901966,0.6785714285714286,,,,16.5,2.5,-0.5,1.0177930293651791,-0.0004808146435901772,0.017026958490867772,0.6379310344827586,0.021264367816091975,0.28547201808931605,,,,0.2352941176470588,-0.2864450127877238,-0.24618736383442266,"Virginia Beach, VA",47260,2022-01-09 14:29:56
1779260,2021-07-01,2021-09-30,90,neighborhood,1,64158,f,"Norfolk, VA - Park Place",Norfolk,Virginia,VA,Single Family Residential,6,260000.0,-0.007633587786259555,0.2682926829268293,261000.0,0.025540275049115824,0.3384615384615384,140.7469342251951,-0.011420342942082051,0.17639228606133228,148.96373056994818,0.03090845633497552,0.2409540530124608,39.0,0.11428571428571432,0.6956521739130433,9.0,-0.5,2.0,37.0,-0.11904761904761907,0.9473684210526316,8.0,0.0,-0.5,,,,16.0,0.0,-13.0,1.0231786277889243,0.0005850976430510356,0.037569691807993195,0.5641025641025641,-0.09304029304029304,0.4771460423634337,,,,0.2222222222222222,-0.16666666666666669,-0.1111111111111111,"Virginia Beach, VA",47260,2022-01-09 14:29:56
1806096,2021-07-01,2021-09-30,90,neighborhood,1,179819,f,"Chesapeake, VA - Plymouth Park",Chesapeake,Virginia,VA,Single Family Residential,6,191000.0,0.015957446808510634,0.03243243243243232,180000.0,0.0005558643690939392,0.02857142857142847,161.55088852988692,-0.006462035541195399,0.17534295038113454,165.045871559633,-0.01389454101505716,0.020678416224046314,25.0,-0.07407407407407407,0.3157894736842107,9.0,-0.09999999999999996,0.2857142857142858,32.0,-0.08571428571428576,1.9090909090909087,14.0,-0.2222222222222222,3.666666666666667,,,,23.0,5.0,16.0,0.9968308352482712,0.0019775481424791908,0.021625899722993225,0.48,0.03555555555555556,0.32210526315789473,,,,0.3333333333333333,-0.06666666666666671,-0.09523809523809523,"Virginia Beach, VA",47260,2022-01-09 14:29:56
2044893,2021-07-01,2021-09-30,90,neighborhood,1,547644,f,"Arlington, VA - North Arlington",Arlington,Virginia,VA,Single Family Residential,6,1050000.0,-0.11016949152542377,-0.07529722589167764,1099994.5,0.00456118721461185,-0.04348304347826082,443.2624113475178,0.007206762199310156,0.04245746098560877,454.3425343482037,0.01659142060410557,0.06431803864404627,243.0,-0.173469387755102,-0.12589928057553956,69.0,0.04545454545454541,0.11290322580645153,244.0,-0.05058365758754868,-0.12857142857142856,133.0,0.12711864406779672,-0.10738255033557044,,,,23.5,3.5,-4.5,1.0026201531125558,-0.005598291131085453,-0.012149926153123936,0.3909465020576132,-0.054631729234903836,-0.05869378571217099,,,,0.5217391304347826,0.18840579710144928,-0.02664796633941091,"Washington, DC",47894,2022-01-09 14:29:56
2058827,2021-07-01,2021-09-30,90,neighborhood,1,551173,f,"Chester, VA - The Highlands",Chester,Virginia,VA,Single Family Residential,6,547000.0,0.03207547169811331,0.21975694057308506,529975.0,0.013433406635433576,0.2485423169797987,156.0348783845801,0.023588802202845427,0.2356829373865761,145.11927073080932,-0.024028157261198224,0.05999909051524565,26.0,-0.21212121212121213,-0.1875,6.0,1.0,0.2,20.0,0.05263157894736836,0.25,7.0,0.3999999999999999,0.16666666666666674,,,,12.0,4.0,-33.0,1.014447699389561,-0.0031504093655139176,0.023761026093891413,0.5384615384615384,-0.06759906759906764,0.22596153846153846,,,,0.5,-0.16666666666666666,-0.30000000000000004,"Richmond, VA",40060,2022-01-09 14:29:56
2139185,2021-07-01,2021-09-30,90,neighborhood,1,57135,f,"Newport News, VA - Ivy Farms",Newport News,Virginia,VA,Single Family Residential,6,240500.0,0.002083333333333437,0.11860465116279073,240000.0,0.006922592825676421,0.09090909090909081,149.70059880239518,-0.0968063872255489,0.17248410949831872,145.04328798401673,-0.019294483641072776,0.10383149713557184,25.0,0.0,0.6666666666666667,10.0,0.0,1.0,30.0,0.0,0.7647058823529411,8.0,-0.2,0.3333333333333333,,,,19.0,5.5,4.0,1.0274002573341934,0.004125031931275336,0.03603653004478158,0.72,0.0,0.2533333333333333,,,,0.3,0.0,-0.3,"Virginia Beach, VA",47260,2022-01-09 14:29:56
2215472,2021-07-01,2021-09-30,90,neighborhood,1,87229,f,"Richmond, VA - Bellevue",Richmond,Virginia,VA,Single Family Residential,6,439600.0,-0.011579539066891464,0.17226666666666654,399000.0,0.010126582278481068,0.11142061281337057,272.519371546693,0.018438488794420227,0.108694471857554,249.36762225969647,0.002542372881356059,0.0746391134297848,20.0,-0.2,-0.13043478260869568,7.0,-0.2222222222222222,0.3999999999999999,22.0,-0.043478260869565195,0.2941176470588236,6.0,0.2,2.0,,,,6.0,0.0,0.0,1.0613603426588647,-0.02714271004626068,0.012148359215683692,0.7,-0.020000000000000014,-0.2565217391304349,,,,0.5714285714285714,-0.31746031746031744,-0.22857142857142865,"Richmond, VA",40060,2022-01-09 14:29:56
2245130,2021-07-01,2021-09-30,90,neighborhood,1,87232,f,"Richmond, VA - Far West End",Richmond,Virginia,VA,Single Family Residential,6,550000.0,-0.009009009009009028,-0.01389511429852086,559975.0,0.17889473684210522,0.11995,280.8676307007786,-0.029086635236916455,0.07778526480158865,276.2624516858876,0.005324588175886546,0.0831035396857771,103.0,-0.23134328358208955,-0.028301886792452824,33.0,0.1785714285714286,-0.2666666666666667,92.0,0.01098901098901095,-0.2520325203252033,22.0,0.375,-0.29032258064516125,,,,13.0,2.0,5.0,1.0609370301930616,-0.002385573678977515,0.03951357568566638,0.5728155339805825,-0.07643819736270108,0.025645722659827785,,,,0.7272727272727274,0.2272727272727273,-0.0505050505050505,"Richmond, VA",40060,2022-01-09 14:29:56
2267875,2021-07-01,2021-09-30,90,neighborhood,1,179388,f,"Virginia Beach, VA - Little Neck",Virginia Beach,Virginia,VA,Single Family Residential,6,420500.0,-0.010588235294117676,0.07407407407407418,422449.5,-0.005884221673138068,0.11170921052631576,218.47589135353496,0.014352352712840856,0.1718184544773076,221.78279505582137,0.03228963796218154,0.1364150418660286,102.0,-0.11304347826086958,-0.18400000000000005,25.0,-0.3055555555555556,-0.32432432432432434,100.0,-0.07407407407407407,-0.029126213592233,36.0,0.02857142857142847,0.058823529411764726,,,,19.0,4.0,-11.0,1.0150874025043577,-0.00212762165751168,0.023011685039059596,0.5588235294117647,-0.032480818414322266,0.2548235294117647,,,,0.4,-0.0444444444444444,-0.0864864864864865,"Virginia Beach, VA",47260,2022-01-09 14:29:56
2282747,2021-07-01,2021-09-30,90,neighborhood,1,179158,f,"Virginia Beach, VA - Lago Mar",Virginia Beach,Virginia,VA,Single Family Residential,6,635000.0,0.0031595576619274372,0.16567232675539234,624750.0,0.008474576271186418,-0.06397412837975003,209.1926929876252,-0.023767432724415616,0.19267975980941565,207.85396759758385,-0.010615114235500878,0.08916907148967312,25.0,0.08695652173913036,0.25,3.0,0.5,2.0,11.0,-0.3125,0.8333333333333331,1.0,-0.8,-0.75,,,,12.0,0.0,-15.0,1.0130182903536442,0.0008255816395092985,0.009019705347079299,0.52,0.041739130434782605,0.27,,,,0.3333333333333333,-0.16666666666666669,-0.6666666666666667,"Virginia Beach, VA",47260,2022-01-09 14:29:56
2344909,2021-07-01,2021-09-30,90,neighborhood,1,57609,f,"Suffolk, VA - Chuckatuck",Suffolk,Virginia,VA,Single Family Residential,6,341000.0,-0.052909318150256894,0.03333333333333344,338587.5,0.026022727272727364,-0.0034656306564831985,159.9587765957447,-0.0016265927918981404,0.13399346979483284,164.01263297872342,0.034910606882404105,0.13715425531914893,123.0,-0.09558823529411764,0.016528925619834656,45.0,0.7307692307692307,0.6666666666666667,102.0,-0.09734513274336287,-0.0892857142857143,38.0,-0.2549019607843137,-0.2692307692307693,,,,26.0,2.0,-6.5,1.021126909962589,-0.004293352598329747,0.021868593437323613,0.6260162601626016,-0.05045432807269257,0.24585097090640326,,,,0.3555555555555556,0.1247863247863248,-0.16296296296296292,"Virginia Beach, VA",47260,2022-01-09 14:29:56
2455303,2021-07-01,2021-09-30,90,neighborhood,1,181731,f,"Hampton, VA - Hampton Roads Center",Hampton,Virginia,VA,Single Family Residential,6,264900.0,-0.009719626168224305,0.14675324675324686,264900.0,-0.00037735849056608206,0.0878850102669404,159.37687237866987,0.010879682419048242,0.1377998191384222,156.46258503401359,0.016726022479290226,0.13541450170900493,67.0,0.046875,0.5227272727272727,22.0,-0.043478260869565195,1.75,69.0,-0.07999999999999996,1.0294117647058822,12.0,-0.3684210526315789,0.5,,,,15.5,1.5,-4.0,1.0241169203617193,-0.006230834136621288,0.027774766011206545,0.746268656716418,-0.0037313432835820452,0.3599050203527816,,,,0.3636363636363637,-0.027667984189723327,0.11363636363636365,"Virginia Beach, VA",47260,2022-01-09 14:29:56
2466997,2021-07-01,2021-09-30,90,neighborhood,1,181248,f,"Virginia Beach, VA - Kempsville",Virginia Beach,Virginia,VA,Single Family Residential,6,345000.0,-0.014285714285714237,0.078125,335000.0,0.0,0.06349206349206349,182.97029702970298,0.005641809750595472,0.13390043229675075,179.4228449520609,0.00038228833556752656,0.09106391821545777,425.0,-0.05764966740576494,-0.03189066059225509,129.0,-0.08510638297872342,0.03200000000000003,424.0,-0.06607929515418498,0.041769041769041726,105.0,-0.17322834645669294,-0.13223140495867766,,,,17.0,2.0,-4.0,1.023129722734966,-0.0035707060603749063,0.02150951448654137,0.6964705882352941,-0.0019773053345507607,0.24316762695966765,,,,0.4418604651162791,0.002144153059541465,0.01786046511627909,"Virginia Beach, VA",47260,2022-01-09 14:29:56
2646142,2021-07-01,2021-09-30,90,neighborhood,1,87371,f,"Richmond, VA - Huguenot",Richmond,Virginia,VA,Single Family Residential,6,391000.0,-0.022377797224653048,0.10140845070422544,399950.0,0.02814910025706952,0.16028430519292147,182.53047011027283,-0.0073232024709150014,0.11657040420871324,173.48927875243663,0.03815566952969696,0.046260466311388575,71.0,-0.053333333333333344,0.12698412698412698,18.0,-0.05263157894736848,-0.3076923076923077,51.0,-0.2608695652173913,-0.15000000000000002,15.0,-0.25,0.15384615384615374,,,,8.0,-1.0,2.0,1.0484038192350698,-0.016927939818605298,0.024610874522952075,0.6619718309859155,-0.0846948356807512,0.10641627543035992,,,,0.5555555555555556,-0.23391812865497075,-0.21367521367521367,"Richmond, VA",40060,2022-01-09 14:29:56
2832597,2021-07-01,2021-09-30,90,neighborhood,1,59094,f,"Portsmouth, VA - Cavalier Manor",Portsmouth,Virginia,VA,Single Family Residential,6,181000.0,0.0,0.0055583487731909464,185000.0,0.0,0.04578858111927642,157.03703703703704,0.0001763668430334597,0.2065650500548446,151.85185185185185,0.01043198207659457,0.09840116395708365,25.0,-0.13793103448275867,-0.3055555555555556,8.0,-0.11111111111111116,-0.2,39.0,0.21875,0.25806451612903225,23.0,0.5333333333333334,0.6428571428571428,,,,23.0,-4.0,-1.5,1.0134107590984676,0.009355531390636385,0.000905057765561379,0.52,0.07172413793103449,0.1866666666666667,,,,0.375,0.041666666666666685,-0.025000000000000026,"Virginia Beach, VA",47260,2022-01-09 14:29:56
2836519,2021-07-01,2021-09-30,90,neighborhood,1,180643,f,"Virginia Beach, VA - Red Mill Farm",Virginia Beach,Virginia,VA,Single Family Residential,6,435675.0,0.08647132169576065,0.26282608695652177,402400.0,0.001119542231620807,0.11808835787718808,210.112062875515,-0.015975172199671483,0.10205256640622218,213.88888888888889,0.0,0.09689883913764509,20.0,-0.2592592592592593,-0.13043478260869568,7.0,0.3999999999999999,0.16666666666666674,20.0,0.0,-0.04761904761904767,6.0,-0.1428571428571429,0.5,,,,20.0,6.0,1.0,1.026639817920172,-0.00433167809786128,0.018432157275517502,0.7,-0.1148148148148148,0.13478260869565215,,,,0.42857142857142855,0.028571428571428525,0.26190476190476186,"Virginia Beach, VA",47260,2022-01-09 14:29:56
2856510,2021-07-01,2021-09-30,90,neighborhood,1,402179,f,"Norfolk, VA - Ingleside",Norfolk,Virginia,VA,Single Family Residential,6,257500.0,-0.08525754884547065,0.09574468085106382,244950.0,0.020837674515524096,-0.08940520446096656,156.6917464660283,-0.016457960644007064,0.12146521399257383,158.0033494959806,0.004842461534646958,0.14450822546945608,20.0,-0.04761904761904767,0.3333333333333333,5.0,0.0,0.6666666666666667,16.0,-0.11111111111111116,-0.058823529411764726,9.0,0.0,0.0,,,,22.0,-1.0,2.0,1.021039444425602,0.0018652283561935161,0.021324466565356914,0.65,0.1261904761904762,0.45,,,,0.4,0.0,0.06666666666666671,"Virginia Beach, VA",47260,2022-01-09 14:29:56
3010425,2021-07-01,2021-09-30,90,neighborhood,1,180352,f,"Ashburn, VA - Ashburn Village",Ashburn,Virginia,VA,Single Family Residential,6,782000.0,-0.02249999999999996,0.13497822931785186,750000.0,0.0,0.10456553755522836,223.59913793103448,0.005534584778616569,0.1142429768507356,215.67893875271716,-0.001731245986324903,0.12737858942419036,37.0,-0.05128205128205132,0.608695652173913,6.0,-0.7,0.2,36.0,-0.05263157894736848,0.7142857142857142,5.0,0.6666666666666667,0.0,,,,15.0,-1.0,-5.5,1.0243352561232577,-0.003808424912119745,0.009390406938139641,0.6756756756756757,0.009009009009009028,0.023501762632197387,,,,0.5,0.2,0.3,"Washington, DC",47894,2022-01-09 14:29:56
3037315,2021-07-01,2021-09-30,90,neighborhood,1,181303,f,"Virginia Beach, VA - Landstown Meadows",Virginia Beach,Virginia,VA,Single Family Residential,6,355000.0,0.0,0.08413498244006723,349900.0,-0.007375886524822683,0.06872327428222369,195.13406156901686,-0.025831185395674302,0.15712179085264455,195.54753309265945,0.0064797433028354065,0.15270614112253167,23.0,0.0,0.4375,5.0,-0.375,1.5,15.0,-0.375,-0.0625,3.0,-0.25,0.0,,,,15.0,2.0,1.0,1.0181376244265403,-0.0017484294846217276,0.01259518893420286,0.608695652173913,0.0869565217391305,0.10869565217391307,,,,0.4,0.15000000000000002,-0.09999999999999996,"Virginia Beach, VA",47260,2022-01-09 14:29:56
3055687,2021-07-01,2021-09-30,90,neighborhood,1,549675,f,"Newport News, VA - South Newport News",Newport News,Virginia,VA,Single Family Residential,6,208000.0,0.040000000000000036,0.12737127371273704,205000.0,0.02499999999999991,0.14733454596334128,141.04372355430186,-0.001951761053474832,0.1046817844074428,137.01876872575278,-0.015956115515048164,0.08412643938210662,201.0,0.015151515151515138,0.348993288590604,70.0,-0.041095890410958964,0.5555555555555556,236.0,-0.05220883534136545,0.4390243902439024,106.0,-0.07826086956521737,0.2183908045977012,,,,22.0,1.5,-7.5,1.0098108957359897,0.005895315887257668,0.011037961401389351,0.4925373134328358,0.007688828584350937,0.10327556846639284,,,,0.3,-0.0013698630136986245,-0.14444444444444446,"Virginia Beach, VA",47260,2022-01-09 14:29:56
3058926,2021-07-01,2021-09-30,90,neighborhood,1,15474,f,"Dale City, VA - Ridgedale",Dale City,Virginia,VA,Single Family Residential,6,467750.0,-0.003196590303676028,0.18417721518987354,428999.5,-0.04656184020446719,0.14095611702127653,222.93746980190048,-0.014953659434729928,0.19955898630674065,219.41465707181985,0.0,0.1198924096945686,20.0,-0.09090909090909093,0.05263157894736836,8.0,0.1428571428571428,0.3333333333333333,20.0,-0.09090909090909093,0.5384615384615385,1.0,-0.6666666666666667,0.0,,,,6.0,0.0,-22.5,1.0285024780176488,-0.0004401221524477084,0.019384368099558902,0.6,-0.08181818181818179,0.17894736842105266,,,,0.625,-0.0892857142857143,-0.04166666666666663,"Washington, DC",47894,2022-01-09 14:29:56
3083912,2021-07-01,2021-09-30,90,neighborhood,1,180543,f,"Virginia Beach, VA - Bayside",Virginia Beach,Virginia,VA,Single Family Residential,6,335000.0,0.027607361963190247,0.09836065573770503,326500.0,0.004615384615384689,0.1262504311831667,196.78914835164838,0.007560439560439613,0.15985871863248513,193.47541648238243,0.0019262639266233168,0.11794771364143708,226.0,0.031963470319634764,0.10784313725490202,60.0,-0.25,-0.21052631578947367,230.0,-0.061224489795918324,0.04545454545454541,69.0,0.061538461538461535,-0.2068965517241379,,,,17.0,1.0,-8.5,1.0155479760911428,-0.003670425966927349,0.02412972584692785,0.5619469026548672,-0.10928597405746154,0.2678292555960437,,,,0.4833333333333333,0.04583333333333334,0.08859649122807017,"Virginia Beach, VA",47260,2022-01-09 14:29:56
3092847,2021-07-01,2021-09-30,90,neighborhood,1,761444,f,"Newport News, VA - North Newport News",Newport News,Virginia,VA,Single Family Residential,6,248250.0,0.028574269691552082,0.10850636302746143,253500.0,0.05624999999999991,0.15227272727272734,154.19318418347075,0.013116503537356605,0.14824205940401125,153.03609582338188,0.010038232434320449,0.10536216262678556,204.0,-0.009708737864077664,0.2592592592592593,50.0,-0.24242424242424246,0.3888888888888888,184.0,-0.15207373271889402,0.12195121951219524,57.0,-0.14925373134328354,-0.09523809523809523,,,,18.5,2.5,-4.0,1.0167467234098313,-0.006797984260812351,0.02440325372672281,0.6176470588235294,-0.027984009137635657,0.2596223674655048,,,,0.34,-0.11454545454545452,-0.04888888888888888,"Virginia Beach, VA",47260,2022-01-09 14:29:56
3133116,2021-07-01,2021-09-30,90,neighborhood,1,180251,f,"Richmond, VA - South Richmond",Richmond,Virginia,VA,Single Family Residential,6,207500.0,0.03750000000000009,0.2691131498470949,196500.0,-0.0012706480304955914,0.17033948779035146,152.45158632056038,-0.01795769811839032,0.26250450011210913,153.16866267465068,0.0001501689225449354,0.2580876415108715,95.0,-0.040404040404040435,0.7592592592592593,22.0,-0.2413793103448276,0.0,78.0,-0.17021276595744686,0.16417910447761194,18.0,-0.18181818181818174,0.2857142857142858,,,,7.0,0.0,2.0,1.0247426216076987,0.006801776134917281,0.0002675241348908397,0.6842105263157895,0.03774587985114297,0.22124756335282653,,,,0.5,-0.15517241379310345,-0.31818181818181823,"Richmond, VA",40060,2022-01-09 14:29:56
3208494,2021-07-01,2021-09-30,90,neighborhood,1,402237,f,"Norfolk, VA - Oakdale Farms-Denby Park",Norfolk,Virginia,VA,Single Family Residential,6,227500.0,0.06557377049180335,0.0022026431718060735,214000.0,-0.12474437627811864,0.22355631789594052,164.13026819923374,-0.018957121287495826,0.15853367285526174,172.72727272727272,0.0003855262433221096,0.1661707988980714,22.0,-0.2142857142857143,-0.15384615384615385,4.0,-0.5555555555555556,-0.33333333333333337,29.0,-0.033333333333333326,0.2608695652173913,13.0,0.18181818181818188,0.625,,,,14.0,-2.5,-5.0,1.0057607029069684,0.0009764425345557547,0.0012584352594728898,0.4545454545454545,-0.15259740259740254,0.1083916083916084,,,,0.5,-0.05555555555555558,0.0,"Virginia Beach, VA",47260,2022-01-09 14:29:56
3313141,2021-07-01,2021-09-30,90,neighborhood,1,206344,f,"Garrisonville, VA - Park Ridge",Garrisonville,Virginia,VA,Single Family Residential,6,465000.0,0.0,0.20155038759689914,475000.0,0.010638297872340495,0.21794871794871784,165.81622309800682,0.0013160310950603993,0.18637440630985846,162.22677595628411,0.002704814569934433,0.18913599816122084,30.0,-0.09090909090909093,0.0714285714285714,7.0,-0.3636363636363637,1.3333333333333337,23.0,-0.11538461538461542,0.3529411764705883,3.0,-0.25,-0.4,,,,11.5,1.0,6.5,1.0161794109914264,-0.012600377424054177,0.005744488785007106,0.7,-0.027272727272727337,0.021428571428571352,,,,0.5714285714285714,0.025974025974025983,0.2380952380952381,"Washington, DC",47894,2022-01-09 14:29:56
3408975,2021-07-01,2021-09-30,90,neighborhood,1,402154,f,"Poquoson, VA - Western Poquoson",Poquoson,Virginia,VA,Single Family Residential,6,439900.0,-0.010348706411698494,0.02302325581395359,525000.0,0.105379513633014,0.0948905109489051,179.58030669895078,0.006908352955318442,0.12345084086161863,186.79950186799502,-0.004397998708844385,0.082901133277991,25.0,0.04166666666666674,-0.13793103448275867,2.0,-0.8333333333333333,-0.7777777777777779,21.0,-0.125,-0.0869565217391305,9.0,0.2857142857142858,-0.3076923076923077,,,,17.0,-2.0,-66.0,0.9889505251539252,-0.00901728233118304,0.017649726764726537,0.32,-0.05499999999999999,0.2510344827586207,,,,0.5,0.16666666666666669,0.3888888888888889,"Virginia Beach, VA",47260,2022-01-09 14:29:56
3419926,2021-07-01,2021-09-30,90,neighborhood,1,181350,f,"Norfolk, VA - Wards Corner",Norfolk,Virginia,VA,Single Family Residential,6,268000.0,0.01132075471698113,0.21818181818181825,239500.0,-0.06060011767013141,-0.0020833333333333255,175.0678864818099,-0.019619835701864874,0.16785792627738982,153.9657612794578,-0.000762209296318872,0.06632693460186245,22.0,-0.18518518518518526,-0.18518518518518526,10.0,0.11111111111111116,0.0,26.0,-0.16129032258064513,-0.10344827586206896,9.0,-0.3076923076923077,0.0,,,,28.0,7.0,7.0,1.0002006307077267,-0.02339077511793386,0.0070161738760439185,0.4545454545454545,-0.10101010101010104,0.15824915824915825,,,,0.3,-0.36666666666666653,0.09999999999999996,"Virginia Beach, VA",47260,2022-01-09 14:29:56
3444694,2021-07-01,2021-09-30,90,neighborhood,1,179568,f,"Hampton, VA - Downtown Hampton",Hampton,Virginia,VA,Single Family Residential,6,196500.0,-0.1068181818181818,0.007692307692307666,230000.0,0.03370786516853941,0.06976744186046502,138.89301328054114,-0.043142145450743456,0.16490914364324816,139.1304347826087,-0.005199645423728194,0.16381474313526345,48.0,-0.15789473684210534,-0.058823529411764726,15.0,0.6666666666666667,-0.0625,55.0,-0.08333333333333337,-0.16666666666666666,27.0,0.08000000000000006,-0.2285714285714285,,,,16.0,1.0,-32.0,1.002415165795974,-0.001766769417921088,0.003888924607444833,0.3541666666666667,-0.049342105263157854,-0.01838235294117646,,,,0.3333333333333333,0.0,-0.16666666666666669,"Virginia Beach, VA",47260,2022-01-09 14:29:56
3492436,2021-07-01,2021-09-30,90,neighborhood,1,2413,f,"Alexandria, VA - Seminary Hill",Alexandria,Virginia,VA,Single Family Residential,6,840000.0,-0.10160427807486627,0.15068493150684925,727500.0,-0.17796610169491522,-0.24214408117131714,303.28559393428816,-0.010260142679015429,0.015233658754150168,342.44421865802224,0.07224398014232068,0.1455624506483677,21.0,-0.125,0.3999999999999999,12.0,1.4,0.0,24.0,-0.22580645161290325,-0.07692307692307686,10.0,-0.4117647058823529,0.25,,,,26.5,17.5,-5.5,0.9993103235404346,-0.020569641550525646,-0.011289488881781162,0.3333333333333333,-0.3750000000000001,-0.26666666666666666,,,,0.3333333333333333,-0.06666666666666671,0.16666666666666666,"Washington, DC",47894,2022-01-09 14:29:56
3508276,2021-07-01,2021-09-30,90,neighborhood,1,58343,f,"Portsmouth, VA - Port Norfolk",Portsmouth,Virginia,VA,Single Family Residential,6,227000.0,0.17616580310880825,0.09397590361445783,225000.0,-0.027867790019442614,0.16913484021823846,138.68701725388436,0.05956881181967665,0.2229510306923745,134.8148148148148,0.009425471292779708,0.1486917179533378,32.0,0.18518518518518512,0.23076923076923084,9.0,0.125,0.8,37.0,-0.11904761904761907,1.0555555555555554,17.0,-0.05555555555555558,1.125,,,,20.5,-1.5,-4.5,1.009681097754168,0.010809983469365349,0.010142581111466377,0.5,-0.05555555555555558,0.11538461538461535,,,,0.2222222222222222,-0.1527777777777778,0.0222222222222222,"Virginia Beach, VA",47260,2022-01-09 14:29:56
3602114,2021-07-01,2021-09-30,90,neighborhood,1,62718,f,"Stafford Courthouse, VA - Austin Ridge",Stafford Courthouse,Virginia,VA,Single Family Residential,6,567500.5,-0.07346857142857144,0.17010412371134032,549950.0,-0.009099099099099115,0.11101010101010099,153.40683972030536,-0.020291332956533736,0.08555108024760405,152.51317370647206,0.022274221107789538,0.0906964204221965,20.0,-0.09090909090909093,-0.04761904761904767,3.0,-0.7272727272727274,-0.4,14.0,-0.30000000000000004,-0.06666666666666665,3.0,0.0,0.5,,,,7.0,0.0,-7.0,1.020602264876468,-0.013927184732119624,0.0115664215929272,0.6,-0.17272727272727273,0.1238095238095238,,,,0.0,-0.4545454545454545,-0.6,"Washington, DC",47894,2022-01-09 14:29:56
3696190,2021-07-01,2021-09-30,90,neighborhood,1,766934,f,"Suffolk, VA - Whaleyville",Suffolk,Virginia,VA,Single Family Residential,6,250000.0,-0.031045308321382855,0.11111111111111116,373950.0,0.1815165876777252,0.21019417475728155,152.39285714285714,-0.02177350918245835,0.1779158040027604,180.04113999523014,0.028990262519622112,0.22120212564286,49.0,-0.234375,-0.14035087719298245,21.0,0.6153846153846154,1.3333333333333337,75.0,0.0714285714285714,0.3636363636363635,48.0,-0.09433962264150941,-0.07692307692307686,,,,30.5,-4.0,-37.5,0.996814783335464,-0.0073127417033362905,0.02118270388638788,0.4897959183673469,-0.07270408163265307,0.24418188327962764,,,,0.19047619047619047,-0.2710622710622711,-0.25396825396825395,"Virginia Beach, VA",47260,2022-01-09 14:29:56
3781777,2021-07-01,2021-09-30,90,neighborhood,1,60341,f,"Hampton, VA - Buckroe Beach",Hampton,Virginia,VA,Single Family Residential,6,214500.0,-0.020547945205479427,0.2152974504249292,215000.0,0.03614457831325302,0.13157894736842102,149.7426761678543,-0.03343668218132656,0.1249418547110055,154.12490362374712,-0.0154759008064822,0.15388506120867107,100.0,0.09890109890109901,0.2658227848101267,34.0,0.0625,0.6190476190476191,113.0,-0.02586206896551724,0.4303797468354431,41.0,-0.14583333333333334,0.05128205128205132,,,,21.0,2.0,-4.0,1.0163129291593669,-0.008049438737885106,0.01380941614240383,0.53,-0.04142857142857137,0.02367088607594936,,,,0.4411764705882353,0.12867647058823528,-0.03501400560224088,"Virginia Beach, VA",47260,2022-01-09 14:29:56
3840695,2021-07-01,2021-09-30,90,neighborhood,1,556140,f,"Virginia Beach, VA - Aragona Village",Virginia Beach,Virginia,VA,Single Family Residential,6,280000.0,0.03703703703703697,0.12000000000000012,275000.0,-0.017857142857142905,0.08267716535433078,203.63636363636363,0.03434343434343434,0.1661994393271926,206.89655172413796,0.012312946632579536,0.15473825694948307,45.0,-0.11764705882352945,0.04651162790697683,12.0,-0.33333333333333337,-0.33333333333333337,61.0,0.01666666666666661,0.0,25.0,0.3157894736842107,0.04166666666666674,,,,18.0,3.0,-0.5,1.0138796475605258,-0.008070914394127326,0.006656706041328286,0.5777777777777777,-0.1869281045751634,0.13591731266149865,,,,0.6666666666666666,0.3333333333333333,0.2777777777777777,"Virginia Beach, VA",47260,2022-01-09 14:29:56
3864966,2021-07-01,2021-09-30,90,neighborhood,1,57759,f,"Norfolk, VA - Northside",Norfolk,Virginia,VA,Single Family Residential,6,265000.0,-0.0535714285714286,0.15217391304347827,255000.0,-0.019230769230769273,0.0851063829787233,167.6090468497577,0.0,0.15070942325255388,165.64104500151012,0.0003419972640219537,0.1116174852698364,67.0,0.13559322033898313,0.4888888888888889,27.0,0.125,1.7000000000000002,72.0,-0.040000000000000036,0.5652173913043479,19.0,-0.3666666666666667,-0.05000000000000005,,,,20.0,0.5,-3.0,1.0181796423397598,0.005595087837751978,0.021120752013159882,0.5074626865671642,-0.05185934733114084,0.15190713101160866,,,,0.4814814814814815,0.06481481481481477,-0.018518518518518545,"Virginia Beach, VA",47260,2022-01-09 14:29:56
3917427,2021-07-01,2021-09-30,90,neighborhood,1,87310,f,"Richmond, VA - Fulton Hill",Richmond,Virginia,VA,Single Family Residential,6,240000.0,0.0,0.1428571428571428,209500.0,-0.06847487772343264,-0.05620002252505917,175.91339648173206,-0.0300618217517048,0.1090920806753013,165.74367088607596,-0.030583684950773463,0.12476017564402107,21.0,0.0,0.0,7.0,-0.3636363636363637,0.16666666666666674,25.0,0.08695652173913036,0.25,5.0,0.25,1.5,,,,6.0,-1.0,0.0,1.0654106280925508,-0.0188019270623192,0.06889972067423289,0.7619047619047618,-0.04761904761904767,0.42857142857142855,,,,0.7142857142857143,0.1688311688311689,0.04761904761904767,"Richmond, VA",40060,2022-01-09 14:29:56
3950111,2021-07-01,2021-09-30,90,neighborhood,1,403447,f,"Chesapeake, VA - Greenbrier",Chesapeake,Virginia,VA,Single Family Residential,6,420000.0,0.0,0.15068493150684925,419900.0,0.0021479713603818067,0.12003200853560947,176.52510953825413,0.018049288441513326,0.1087890252841206,180.26315789473685,0.03365269461077846,0.10991794658902564,122.0,-0.10948905109489047,-0.12857142857142856,43.0,0.07499999999999996,0.023809523809523725,135.0,0.04651162790697683,0.10655737704918034,43.0,0.10256410256410264,0.023809523809523725,,,,21.0,3.0,-7.5,1.0167856859994306,-0.00743517042675168,0.016515384306066805,0.6557377049180328,-0.023094411870288375,0.2914519906323185,,,,0.5116279069767442,0.28662790697674423,0.011627906976744208,"Virginia Beach, VA",47260,2022-01-09 14:29:56
3966032,2021-07-01,2021-09-30,90,neighborhood,1,180095,f,"Virginia Beach, VA - Ocean Lakes",Virginia Beach,Virginia,VA,Single Family Residential,6,365500.0,0.0,0.1566455696202531,350000.0,0.0,0.16666666666666674,221.19399090434655,0.015890855970613016,0.18076156371294586,231.77998677566967,0.03748210614371649,0.22357704496527633,56.0,0.21739130434782614,0.07692307692307686,17.0,-0.05555555555555558,0.7,56.0,0.0,0.1914893617021276,17.0,-0.05555555555555558,-0.05555555555555558,,,,20.0,1.0,-1.0,1.025570878961418,-0.005702438956653788,0.02418411247273511,0.625,-0.02717391304347827,0.25961538461538464,,,,0.2352941176470588,-0.3202614379084968,0.03529411764705881,"Virginia Beach, VA",47260,2022-01-09 14:29:56
4080758,2021-07-01,2021-09-30,90,neighborhood,1,181462,f,"Chesapeake, VA - Washington",Chesapeake,Virginia,VA,Single Family Residential,6,337000.0,-0.008823529411764673,0.14237288135593218,335000.0,0.015151515151515138,0.1166666666666667,170.70979335130278,-0.0021892360452021586,0.10844012281606452,171.38091256569518,0.02173886481867382,0.07794055487467788,319.0,-0.10140845070422533,-0.06176470588235295,95.0,-0.12844036697247707,0.05555555555555558,333.0,-0.08516483516483518,0.16433566433566438,113.0,-0.02586206896551724,0.25555555555555554,,,,19.0,2.0,-5.0,1.0181200514791393,-0.004192459157352779,0.016623653231276903,0.6614420062695925,-0.008980528941675114,0.29967730038723955,,,,0.37894736842105264,0.0028005794302269353,-0.08771929824561403,"Virginia Beach, VA",47260,2022-01-09 14:29:56
4300888,2021-07-01,2021-09-30,90,neighborhood,1,180606,f,"Virginia Beach, VA - Pungo-Blackwater",Virginia Beach,Virginia,VA,Single Family Residential,6,545000.0,0.004608294930875667,-0.052173913043478286,627900.0,0.029513034923758005,0.11775700934579447,211.3636363636364,-0.007220463294080105,0.14007707509881429,223.58552309070993,0.05505678874415997,0.03586537333519191,23.0,0.04545454545454541,-0.2068965517241379,2.0,-0.6666666666666667,-0.33333333333333337,18.0,-0.28,-0.18181818181818174,11.0,0.0,-0.3125,,,,35.5,15.5,-31.5,0.9934781948209156,-0.008702417253601658,0.018522007348243053,0.391304347826087,-0.06324110671936756,0.287856071964018,,,,0.0,-0.5,-0.3333333333333333,"Virginia Beach, VA",47260,2022-01-09 14:29:56
4426487,2021-07-01,2021-09-30,90,neighborhood,1,549694,f,"Virginia Beach, VA - Salem",Virginia Beach,Virginia,VA,Single Family Residential,6,301000.0,-0.013114754098360605,-0.16954062629328182,312450.0,0.11589285714285726,-0.14114898295766906,204.16666666666663,0.02998700454840808,0.15008381305894766,201.91564958399434,-0.0024636626939257282,0.13818666508510669,21.0,0.10526315789473696,-0.30000000000000004,3.0,-0.6666666666666667,-0.5,16.0,-0.2380952380952381,-0.3846153846153845,3.0,0.5,-0.5714285714285714,,,,25.0,-1.0,1.5,1.011974253741018,-0.0020477151882385414,0.0001443262088556274,0.5238095238095238,-0.05513784461152882,-0.042857142857142816,,,,0.0,-0.5555555555555556,-0.8333333333333333,"Virginia Beach, VA",47260,2022-01-09 14:29:56
4462132,2021-07-01,2021-09-30,90,neighborhood,1,555572,f,"Fredericksburg, VA - Lafayette Boulevard-South Route 1",Fredericksburg,Virginia,VA,Single Family Residential,6,377000.0,-0.020779220779220783,0.2977624784853701,342450.0,-0.14387499999999998,0.10467741935483876,185.1851851851852,0.028443256657439964,0.17736226232884178,180.49175376489097,0.07332429572188513,0.18569654279606373,21.0,0.16666666666666674,0.05000000000000005,3.0,-0.25,-0.4,20.0,-0.2,0.5384615384615385,10.0,0.0,0.0,,,,18.0,2.5,-17.0,0.9982064431373074,-0.01997237981992006,0.008616124057181263,0.4761904761904762,-0.134920634920635,0.2761904761904761,,,,0.0,-0.25,0.0,"Washington, DC",47894,2022-01-09 14:29:56
4464188,2021-07-01,2021-09-30,90,neighborhood,1,65722,f,"Hampton, VA - Northampton",Hampton,Virginia,VA,Single Family Residential,6,260000.0,0.06557377049180335,0.18047673098751416,249450.0,0.0018072289156625398,0.08930131004366815,154.63051199861388,-0.023127876580185225,0.10327573190220483,152.42903615845233,0.0017453245168430607,0.08877882970323102,92.0,0.03370786516853941,0.1499999999999999,29.0,-0.033333333333333326,0.2608695652173913,106.0,0.00952380952380949,0.308641975308642,37.0,0.05714285714285716,0.48,,,,17.0,2.0,-3.0,1.0103716506252962,-0.0022804477595594896,0.005842584622488101,0.6413043478260869,0.04579872984855882,0.19130434782608688,,,,0.5172413793103449,0.05057471264367818,0.038980509745127456,"Virginia Beach, VA",47260,2022-01-09 14:29:56
4505357,2021-07-01,2021-09-30,90,neighborhood,1,65629,f,"Norfolk, VA - Norview",Norfolk,Virginia,VA,Single Family Residential,6,244950.0,0.0,0.1288018433179723,229900.0,-0.05195876288659795,0.012775330396475715,155.02614174958862,-0.026180704864020462,0.15509674244791527,155.31062124248496,-0.009304207119741115,0.1099704875718026,36.0,0.058823529411764726,0.3333333333333333,8.0,-0.4285714285714286,0.3333333333333333,31.0,-0.03125,0.29166666666666674,11.0,0.375,-0.08333333333333337,,,,20.0,0.5,-18.0,0.9765404423956204,-0.022107882692279143,-0.0147491008473698,0.4722222222222222,-0.11601307189542487,0.02777777777777779,,,,0.5,-0.1428571428571429,0.33333333333333337,"Virginia Beach, VA",47260,2022-01-09 14:29:56
4522316,2021-07-01,2021-09-30,90,neighborhood,1,179517,f,"Newport News, VA - Central Newport News",Newport News,Virginia,VA,Single Family Residential,6,285000.0,-0.017241379310344862,0.022421524663677198,275000.0,-0.01433691756272404,0.03773584905660377,158.22784810126586,0.005685475219909808,0.1279887482419131,158.81418740074113,0.009687726773348393,0.11577147045648915,297.0,-0.06012658227848099,-0.01980198019801982,85.0,-0.11458333333333336,0.2318840579710144,270.0,-0.16666666666666666,0.03846153846153855,95.0,-0.2016806722689075,-0.12844036697247707,,,,19.0,1.0,-6.0,1.015354712118008,-0.0016474629846161546,0.016267243920771723,0.5454545454545454,-0.02733026467203692,0.1989198919891989,,,,0.28235294117647053,-0.09264705882352942,-0.1234441602728048,"Virginia Beach, VA",47260,2022-01-09 14:29:56
4634934,2021-07-01,2021-09-30,90,neighborhood,1,764346,f,"Colonial Heights, VA - Fort Clifton",Colonial Heights,Virginia,VA,Single Family Residential,6,260000.0,-0.03345724907063197,-0.0019193857965451586,262449.5,0.009809542131589135,-0.0722887946270767,140.8041576689053,-0.027677662866592345,0.22425473915277228,148.78833130849532,0.028444867454536563,0.10735564573305023,30.0,0.034482758620689724,1.5,3.0,-0.6666666666666667,-0.25,24.0,-0.1724137931034483,0.411764705882353,9.0,0.2857142857142858,-0.18181818181818174,,,,11.0,0.5,-9.5,1.019871262194636,-0.008601945083794194,0.0252291124561318,0.6666666666666666,-0.02298850574712652,0.24999999999999994,,,,0.3333333333333333,-0.22222222222222227,0.08333333333333331,"Richmond, VA",40060,2022-01-09 14:29:56
4635362,2021-07-01,2021-09-30,90,neighborhood,1,180422,f,"Norfolk, VA - Ballentine Place",Norfolk,Virginia,VA,Single Family Residential,6,239000.0,0.06222222222222217,0.14683301343570054,237450.0,0.08672768878718527,0.15857526225908766,155.18337707786526,0.002343540125665955,0.19181393025526886,151.7340801149856,0.0029373951206916877,0.1248001428159764,24.0,0.043478260869565195,0.3333333333333333,6.0,-0.4545454545454546,0.5,28.0,0.03703703703703697,1.0,14.0,0.5555555555555556,1.7999999999999998,,,,14.5,-0.5,-21.0,1.0326779820279006,-0.0054446675135648714,0.03993008572480372,0.5833333333333334,-0.025362318840579712,0.2500000000000001,,,,0.5,-0.04545454545454541,0.25,"Virginia Beach, VA",47260,2022-01-09 14:29:56
5083025,2021-07-01,2021-09-30,90,neighborhood,1,762890,f,"Suffolk, VA - Nansemond",Suffolk,Virginia,VA,Single Family Residential,6,377500.0,-0.006578947368421018,0.07887967990854537,365000.0,0.0,0.08955223880597017,165.5059805190501,0.0060167443314809175,0.12605365264257418,158.84819407212342,-0.030273601942759187,0.04448127609067476,84.0,-0.07692307692307686,0.2923076923076924,17.0,-0.29166666666666663,-0.05555555555555558,63.0,-0.125,-0.030769230769230767,20.0,0.17647058823529416,-0.31034482758620685,,,,22.0,2.0,-11.0,1.015618453108171,-0.00018241338346891567,0.019013719342676042,0.5833333333333334,-0.03205128205128205,0.3217948717948719,,,,0.4705882352941176,0.012254901960784326,0.19281045751633985,"Virginia Beach, VA",47260,2022-01-09 14:29:56
5135635,2021-07-01,2021-09-30,90,neighborhood,1,180343,f,"Virginia Beach, VA - Brigadoon",Virginia Beach,Virginia,VA,Single Family Residential,6,360000.0,0.0,0.09422492401215798,349999.0,-0.01394844344273838,0.060924522582600726,174.51584507042253,0.017126174217900525,0.0884696476732736,173.0599647266314,0.00842172850082923,0.02373500260824213,21.0,0.3999999999999999,0.10526315789473696,6.0,-0.4545454545454546,-0.1428571428571429,25.0,0.13636363636363644,0.3157894736842107,4.0,0.0,-0.2,,,,11.0,-2.0,-7.0,1.0345840268438795,-0.0007611817619759264,0.044342977122049036,0.8095238095238094,0.1428571428571429,0.493734335839599,,,,0.8333333333333333,0.10606060606060608,0.4047619047619048,"Virginia Beach, VA",47260,2022-01-09 14:29:56
5141717,2021-07-01,2021-09-30,90,neighborhood,1,497863,f,"South Riding, VA - Willowsford",South Riding,Virginia,VA,Single Family Residential,6,1208444.0,0.00703666666666658,0.3099663956639567,1126495.0,-0.020353943821201814,0.18703371970495253,241.49192162255073,0.013362699907292884,0.2755762711830141,240.38461538461536,0.04518281879215525,0.2766483516483518,36.0,-0.23404255319148934,-0.21739130434782605,5.0,-0.375,-0.16666666666666666,26.0,-0.16129032258064513,-0.2571428571428571,10.0,0.4285714285714286,-0.4117647058823529,,,,8.0,3.0,-11.5,1.0368652587953175,-0.004758896219736908,0.03446045605589965,0.6388888888888888,-0.04196217494089838,0.20410628019323668,,,,0.4,-0.09999999999999996,-0.09999999999999996,"Washington, DC",47894,2022-01-09 14:29:56
5148511,2021-07-01,2021-09-30,90,neighborhood,1,181340,f,"Virginia Beach, VA - Bayfront",Virginia Beach,Virginia,VA,Single Family Residential,6,562000.0,0.10738916256157638,-0.12529182879377432,500000.0,-0.017681728880157174,-0.2591495036301675,286.82829742059965,0.036569450456256807,0.1904489109017,278.861684327942,-0.0019687087210498166,0.10903964137452228,40.0,-0.2592592592592593,-0.2,6.0,-0.5,-0.5384615384615384,37.0,-0.27450980392156865,-0.21276595744680848,17.0,-0.15000000000000002,-0.3703703703703704,,,,18.5,1.5,-24.5,1.006478730778312,0.008502449906438891,0.020299758514687346,0.525,0.09907407407407408,0.385,,,,0.16666666666666666,-0.25,-0.4487179487179488,"Virginia Beach, VA",47260,2022-01-09 14:29:56
5209972,2021-07-01,2021-09-30,90,neighborhood,1,64406,f,"Portsmouth, VA - Westhaven",Portsmouth,Virginia,VA,Single Family Residential,6,220500.0,0.0,0.17599999999999993,230000.0,0.005025125628140614,0.22666666666666654,144.07150989261208,0.04970500225330676,0.10824238378932384,151.8,0.0697638542938348,0.15657142857142858,28.0,-0.125,1.1538461538461535,4.0,-0.5,-0.6,23.0,-0.1785714285714286,0.09523809523809534,7.0,0.16666666666666674,-0.125,,,,20.0,1.0,1.0,1.0184465223779329,0.00492934483086116,0.040487402503812435,0.6785714285714286,0.022321428571428603,0.3708791208791209,,,,0.0,-0.25,-0.5,"Virginia Beach, VA",47260,2022-01-09 14:29:56
5266171,2021-07-01,2021-09-30,90,neighborhood,1,56746,f,"Gainesville, VA - Heritage Hunt",Gainesville,Virginia,VA,Single Family Residential,6,640000.0,0.06684447407901305,0.16894977168949765,649900.0,0.06106209066293111,0.18378870673952646,228.8961038961039,0.0019689428757607708,0.3811053046406925,225.03238341968915,0.0003770627585051312,0.10038770974948896,21.0,-0.27586206896551724,0.05000000000000005,9.0,0.8,0.2857142857142858,25.0,0.25,0.19047619047619047,7.0,2.5,0.75,,,,8.0,0.0,-12.5,1.02164856777902,-0.002051468428411418,0.013122882236866529,0.5714285714285714,-0.014778325123152691,0.1214285714285714,,,,0.8888888888888888,0.2888888888888889,0.17460317460317454,"Washington, DC",47894,2022-01-09 14:29:56
5434899,2021-07-01,2021-09-30,90,neighborhood,1,180054,f,"Virginia Beach, VA - Green Run",Virginia Beach,Virginia,VA,Single Family Residential,6,300000.0,0.024534178460193345,0.11940298507462675,288200.0,-0.016885553470919357,0.08754716981132081,181.6099476439791,-0.03936286953302648,0.0755266160083119,186.86778846153842,-0.0030394746966938557,0.07372670693401595,45.0,-0.15094339622641506,0.09756097560975617,17.0,0.21428571428571416,-0.10526315789473684,58.0,0.0,0.3181818181818181,23.0,-0.11538461538461542,0.6428571428571428,,,,22.0,1.0,-5.0,1.0225343657123314,-0.008921868277730116,0.021864816427157097,0.6888888888888889,-0.08469601677148851,0.2986449864498645,,,,0.1176470588235294,0.04621848739495799,-0.04024767801857584,"Virginia Beach, VA",47260,2022-01-09 14:29:56
5530300,2021-07-01,2021-09-30,90,neighborhood,1,347586,f,"Norfolk, VA - North Chesapeake Boulevard",Norfolk,Virginia,VA,Single Family Residential,6,262000.0,-0.038532110091743066,0.20765153261120076,249949.5,0.0001980792316926827,0.08720965637233592,175.4874651810585,0.05806367877747798,0.1985367627608232,174.31467853647518,-0.0007174098555999819,0.18640704677376485,39.0,-0.3275862068965517,-0.0714285714285714,10.0,-0.375,-0.2857142857142857,52.0,-0.03703703703703709,0.15555555555555545,24.0,0.1428571428571428,1.4,,,,15.0,1.0,-7.0,1.0169968403776153,-0.006818966398568715,0.022079357723507328,0.6153846153846154,-0.057029177718832876,0.2582417582417583,,,,0.3,-0.1375,-0.2,"Virginia Beach, VA",47260,2022-01-09 14:29:56
5569674,2021-07-01,2021-09-30,90,neighborhood,1,549693,f,"Virginia Beach, VA - Princess Ann Plaza",Virginia Beach,Virginia,VA,Single Family Residential,6,281000.0,0.012795098215894862,0.084942084942085,275000.0,0.0018214936247722413,0.09126984126984115,186.6113744075829,0.004397482713075717,0.10685049547608784,186.50793650793648,0.03167137033552847,0.1142524725348415,73.0,0.10606060606060597,0.2372881355932204,26.0,0.040000000000000036,0.4444444444444444,75.0,0.027397260273972712,0.2931034482758621,17.0,-0.15000000000000002,-0.05555555555555558,,,,19.0,1.0,3.0,1.0133882159556271,-0.0017876181533211801,0.008769662193222727,0.547945205479452,-0.10356994603569948,0.09031808683538423,,,,0.5,-0.06000000000000005,-0.16666666666666666,"Virginia Beach, VA",47260,2022-01-09 14:29:56
5614368,2021-07-01,2021-09-30,90,neighborhood,1,178986,f,"Norfolk, VA - Roosevelt Area",Norfolk,Virginia,VA,Single Family Residential,6,233750.0,-0.024008350730688962,0.14024390243902427,247000.0,0.051063829787234116,0.07391304347826087,175.9671465485419,-0.028398362408357136,0.06074008807196862,185.09990948217427,0.01909723748865,0.16124560023036547,26.0,0.0,0.18181818181818188,7.0,0.0,-0.125,30.0,0.2,0.3636363636363635,10.0,0.6666666666666667,1.5,,,,15.0,2.0,-15.5,1.028215885518024,-0.00783696795054567,0.041572551704396325,0.5769230769230769,-0.07692307692307697,0.3496503496503496,,,,0.7142857142857143,0.1428571428571429,0.4642857142857143,"Virginia Beach, VA",47260,2022-01-09 14:29:56
5696974,2021-07-01,2021-09-30,90,neighborhood,1,179345,f,"Virginia Beach, VA - Courthouse Estates",Virginia Beach,Virginia,VA,Single Family Residential,6,455000.0,0.0,0.17283155045753326,455000.0,0.016759776536312776,0.1376422052756594,196.06442518094602,0.005689893362422538,0.12804216050663264,186.82842287694973,0.006518303043617779,0.11174916533401856,34.0,0.0625,0.3076923076923077,7.0,-0.5,-0.2222222222222222,31.0,-0.13888888888888884,0.19230769230769226,7.0,-0.125,0.0,,,,19.0,0.0,-3.0,1.0372379351745786,-0.002113030393383841,0.03321131690937662,0.7352941176470589,-0.014705882352941124,0.2737556561085973,,,,0.0,-0.42857142857142855,-0.1111111111111111,"Virginia Beach, VA",47260,2022-01-09 14:29:56
5757017,2021-07-01,2021-09-30,90,neighborhood,1,723027,f,"Hampton, VA - Farmington",Hampton,Virginia,VA,Single Family Residential,6,320000.0,0.0,0.10382890651948952,349950.0,0.0767692307692307,0.17236180904522613,156.79236210446106,0.0037882437843457244,0.12065277756767445,149.49287282952727,-0.02480048083901243,0.14212920479834112,22.0,0.375,-0.12,7.0,0.16666666666666674,1.3333333333333337,16.0,-0.058823529411764726,0.0,4.0,-0.33333333333333337,0.0,,,,22.0,4.0,2.0,0.999877321746718,-0.006955383027824058,-0.0008608425445389978,0.5454545454545454,-0.017045454545454586,0.26545454545454533,,,,0.7142857142857143,0.38095238095238093,0.38095238095238093,"Virginia Beach, VA",47260,2022-01-09 14:29:56
5786866,2021-07-01,2021-09-30,90,neighborhood,1,64085,f,"Chesapeake, VA - South Norfolk",Chesapeake,Virginia,VA,Single Family Residential,6,227000.0,-0.017316017316017285,0.1381298571070444,229000.0,-0.008658008658008698,0.09047619047619036,151.0934393638171,0.01229193686638652,0.1336313192756624,153.18566176470586,0.021547304887398862,0.1335738970588236,113.0,0.05607476635514019,0.2840909090909092,32.0,-0.2727272727272727,0.0,135.0,0.06299212598425208,0.26168224299065423,47.0,0.236842105263158,0.11904761904761907,,,,17.0,-1.0,-2.0,1.0062650585984143,-0.01064915433486746,0.023272925376777054,0.5132743362831858,-0.019435944090645862,0.24054706355591315,,,,0.5,0.11363636363636365,0.03125,"Virginia Beach, VA",47260,2022-01-09 14:29:56
5837172,2021-07-01,2021-09-30,90,neighborhood,1,179255,f,"Virginia Beach, VA - Oceanfront",Virginia Beach,Virginia,VA,Single Family Residential,6,731030.0,0.0041413981854769855,0.018431317915853954,670000.0,0.0007468259895444528,-0.09090909090909093,288.3823125514968,-0.03305808679564004,0.05139384784399903,311.75630652070436,0.04625840322380781,0.077175860171244,67.0,-0.06944444444444442,-0.10666666666666667,21.0,0.9090909090909092,-0.04545454545454541,57.0,-0.13636363636363635,-0.20833333333333334,35.0,-0.23913043478260865,-0.35185185185185186,,,,21.0,1.5,-52.5,0.9919217005289692,-0.003741365149643183,0.01937358832316327,0.2835820895522388,-0.03586235489220563,0.19024875621890547,,,,0.3333333333333333,-0.393939393939394,0.015151515151515138,"Virginia Beach, VA",47260,2022-01-09 14:29:56
6033194,2021-07-01,2021-09-30,90,neighborhood,1,57878,f,"Chesapeake, VA - Deep Creek",Chesapeake,Virginia,VA,Single Family Residential,6,391000.0,-0.02232890755882277,0.11746213203772515,397000.0,0.04473684210526319,0.17234159730804374,179.22606924643588,0.015758349078595524,0.13637545194349232,179.0305584826133,0.0008573787278303158,0.1116566111936872,301.0,0.06360424028268552,0.02033898305084736,86.0,-0.18095238095238095,-0.0337078651685393,289.0,-0.09404388714733547,-0.013651877133105785,85.0,-0.15000000000000002,-0.0449438202247191,,,,17.0,1.0,-9.0,1.024988801919123,-0.0038171313956518733,0.022029022741269836,0.6312292358803987,-0.02954814927861193,0.2413987274058224,,,,0.372093023255814,-0.07552602436323369,0.0013065064018813466,"Virginia Beach, VA",47260,2022-01-09 14:29:56
6220973,2021-07-01,2021-09-30,90,neighborhood,1,180332,f,"Suffolk, VA - Sleepy Hole",Suffolk,Virginia,VA,Single Family Residential,6,420000.0,-0.004739336492891043,0.2,439000.0,0.04536254315990008,0.14025974025974033,166.78336996336995,0.01515477851037872,0.14578637884153325,177.97062750333782,0.04194283946684485,0.18539184779414875,110.0,0.08910891089108919,0.25,29.0,-0.23684210526315785,0.15999999999999992,117.0,-0.0714285714285714,0.56,52.0,-0.0714285714285714,0.08333333333333326,,,,23.5,2.5,-8.5,1.0199470524302463,-0.001194844277639051,0.02600424549991498,0.7272727272727274,0.034203420342034274,0.4886363636363637,,,,0.4482758620689655,0.10617059891107078,-0.07172413793103449,"Virginia Beach, VA",47260,2022-01-09 14:29:56
6272857,2021-07-01,2021-09-30,90,neighborhood,1,206426,f,"Garrisonville, VA - Hampton Oaks",Garrisonville,Virginia,VA,Single Family Residential,6,516250.0,-0.02594339622641506,0.16997167138810187,500000.0,0.0,0.14942528735632174,168.66753585789775,0.031155803612541444,0.2380092027746068,151.96670557783082,-0.07077374970710326,0.1063176166066082,20.0,-0.09090909090909093,1.0,2.0,-0.7142857142857143,-0.6666666666666667,12.0,-0.4285714285714286,0.09090909090909081,2.0,0.0,1.0,,,,10.0,5.0,-13.5,1.0298592047121005,-0.015054511358763456,0.023698007454625136,0.75,-0.06818181818181823,0.15000000000000002,,,,0.5,0.07142857142857145,-0.33333333333333337,"Washington, DC",47894,2022-01-09 14:29:56
6279509,2021-07-01,2021-09-30,90,neighborhood,1,87296,f,"Richmond, VA - Huguenot",Richmond,Virginia,VA,Single Family Residential,6,381500.0,0.017333333333333426,0.034555229385164976,392475.0,0.06088660629814835,0.06088660629814835,176.72388607014972,-0.03030564161037852,0.12583061583152674,167.72203972585405,0.04294214976421773,-0.016575882088757155,22.0,-0.043478260869565195,0.10000000000000007,11.0,2.6666666666666665,1.2000000000000002,16.0,-0.2380952380952381,0.23076923076923084,2.0,-0.7777777777777779,-0.5,,,,9.0,-3.5,3.0,1.0383230170452435,-0.012276502538405731,0.01721903906178257,0.6363636363636364,-0.05928853754940711,0.18636363636363634,,,,0.5454545454545454,-0.12121212121212123,-0.25454545454545463,"Richmond, VA",40060,2022-01-09 14:29:56
6336745,2021-07-01,2021-09-30,90,neighborhood,1,57134,f,"Ashburn, VA - Ashburn Farm",Ashburn,Virginia,VA,Single Family Residential,6,799500.0,-0.0006249999999999866,0.12447257383966236,787000.0,0.002547770700636942,0.11647042133635988,232.5504815648499,-0.0016680498446483005,0.09849036635365736,230.97381930472898,0.0139411453590772,0.18777467605355525,24.0,-0.2727272727272727,0.1428571428571428,5.0,-0.16666666666666666,-0.2857142857142857,18.0,-0.28,-0.3076923076923077,2.0,1.0,-0.6,,,,11.5,3.5,-14.0,1.0196587178600365,-0.018878845155315016,0.005917290323432356,0.7083333333333334,-0.14015151515151514,0.04166666666666674,,,,0.6,0.09999999999999996,0.02857142857142858,"Washington, DC",47894,2022-01-09 14:29:56
6538948,2021-07-01,2021-09-30,90,neighborhood,1,206252,f,"Gainesville, VA - Dominion Valley Country Club",Gainesville,Virginia,VA,Single Family Residential,6,810000.0,-0.001848428835489857,0.14084507042253525,785000.0,-0.01505646173149311,0.06802721088435382,189.52682355090585,0.0028376036876476274,0.18038635720301,184.47133508833736,0.010489428566140324,0.1782362692738968,58.0,-0.23684210526315785,0.05454545454545445,13.0,-0.1875,-0.40909090909090906,44.0,-0.3125,-0.13725490196078427,10.0,0.0,-0.4736842105263158,,,,5.0,0.0,-25.5,1.0185997633594457,-0.006110791919582193,0.011977001757626836,0.5689655172413794,-0.009981851179673316,0.07805642633228843,,,,0.5384615384615384,-0.2115384615384616,0.12937062937062932,"Washington, DC",47894,2022-01-09 14:29:56
6614514,2021-07-01,2021-09-30,90,neighborhood,1,346859,f,"Norfolk, VA - Fairmont Park",Norfolk,Virginia,VA,Single Family Residential,6,208000.0,-0.00952380952380949,0.06666666666666665,215000.0,0.07499999999999996,0.11254851228978002,155.57065217391303,-0.03584608158883529,0.1735283899146316,155.31385954008698,-0.0007774840615768496,0.14748379666507772,49.0,0.0,0.08888888888888878,15.0,-0.11764705882352945,0.875,45.0,-0.2241379310344828,0.25,19.0,-0.2692307692307693,0.1875,,,,20.0,1.0,-1.0,1.004664922723281,-0.0019301093313013329,0.004392762249059378,0.4897959183673469,-0.04081632653061229,0.0675736961451247,,,,0.2,-0.15294117647058825,-0.175,"Virginia Beach, VA",47260,2022-01-09 14:29:56
6643574,2021-07-01,2021-09-30,90,neighborhood,1,179137,f,"Chesapeake, VA - Norfolk Highlands",Chesapeake,Virginia,VA,Single Family Residential,6,285000.0,0.036363636363636376,0.1399999999999999,282500.0,0.009289031797070413,0.1532965911410491,166.57010428736965,-0.00495895633417065,0.09027436611506179,169.42090395480227,0.04788827709249754,0.07842972233933754,43.0,-0.10416666666666664,-0.20370370370370366,18.0,0.2857142857142858,1.0,53.0,0.0,0.15217391304347827,15.0,0.0,0.3636363636363635,,,,14.0,3.5,-1.0,1.0247697654075818,-0.0026532101364578065,0.021180841642052476,0.7441860465116279,-0.047480620155038726,0.4108527131782945,,,,0.2222222222222222,-0.3492063492063492,-0.33333333333333337,"Virginia Beach, VA",47260,2022-01-09 14:29:56
6694116,2021-07-01,2021-09-30,90,neighborhood,1,179404,f,"Linton Hall, VA - Braemar",Linton Hall,Virginia,VA,Single Family Residential,6,612500.0,0.004098360655737654,0.16555661274976208,616999.5,-0.0190786963434022,0.2594396815676669,184.8924427709824,0.00034015140767862384,0.1835482555297536,176.5162600372504,-0.002105871152691674,0.12684163839996065,42.0,-0.1428571428571429,0.16666666666666674,11.0,0.10000000000000007,0.10000000000000007,34.0,-0.30612244897959184,-0.08108108108108103,4.0,-0.5,3.0,,,,6.0,-0.5,-16.5,1.038320941475752,0.002236879592649954,0.021077459882967945,0.880952380952381,0.08503401360544216,0.13095238095238093,,,,0.5454545454545454,0.1454545454545454,-0.15454545454545454,"Washington, DC",47894,2022-01-09 14:29:56
6805085,2021-07-01,2021-09-30,90,neighborhood,1,59842,f,"Newport News, VA - Kiln Creek",Newport News,Virginia,VA,Single Family Residential,6,317500.0,-0.04654654654654655,0.07627118644067798,318950.0,0.04573770491803275,0.0631666666666666,147.01560412562824,0.02766684460274127,0.07582643133380172,157.05958549222797,0.0,0.13727560453229934,22.0,0.0,-0.4358974358974359,5.0,-0.2857142857142857,-0.2857142857142857,20.0,-0.13043478260869568,0.05263157894736836,9.0,-0.09999999999999996,-0.18181818181818174,,,,28.0,-3.0,-7.0,1.01273420314821,-0.0018612412961798164,0.019933957903886638,0.5909090909090909,-0.04545454545454541,0.36013986013986016,,,,0.0,-0.14285714285714285,-0.14285714285714285,"Virginia Beach, VA",47260,2022-01-09 14:29:56
6817646,2021-07-01,2021-09-30,90,neighborhood,1,475384,f,"Brandermill, VA - Deer Run",Brandermill,Virginia,VA,Single Family Residential,6,278500.0,0.012727272727272698,0.09215686274509792,270000.0,0.0,0.10440740362000199,169.25837320574163,-0.014502336242616544,0.1501002304844985,160.88516746411483,0.0,0.10271402901202677,31.0,-0.06060606060606055,0.29166666666666674,5.0,-0.2857142857142857,-0.4444444444444444,25.0,-0.19354838709677424,-0.038461538461538436,2.0,0.0,-0.33333333333333337,,,,6.0,-1.0,-8.0,1.0360824569123903,-0.01248165703512072,0.018746008368995204,0.8064516129032258,-0.011730205278592476,0.09811827956989239,,,,0.4,-0.457142857142857,-0.37777777777777777,"Richmond, VA",40060,2022-01-09 14:29:56
6857382,2021-07-01,2021-09-30,90,neighborhood,1,56900,f,"Gainesville, VA - Piedmont",Gainesville,Virginia,VA,Single Family Residential,6,780000.0,0.0613688937270378,0.248,725000.0,-0.052287581699346435,0.15537848605577698,176.85764724763283,-0.0102246083081482,0.1957082125405916,173.79820390913892,0.0,0.13085229450097136,27.0,-0.3076923076923077,-0.12903225806451613,4.0,0.0,-0.4285714285714286,23.0,-0.2068965517241379,-0.11538461538461542,8.0,1.0,0.0,,,,26.0,1.5,15.0,1.0209186064579323,-0.008107764082795342,0.010397438045016472,0.7037037037037037,0.01139601139601143,0.1553166069295102,,,,0.5,0.0,0.2142857142857143,"Washington, DC",47894,2022-01-09 14:29:56
6929065,2021-07-01,2021-09-30,90,neighborhood,1,347460,f,"Norfolk, VA - Roosevelt Gardens",Norfolk,Virginia,VA,Single Family Residential,6,233750.0,-0.024008350730688962,0.14024390243902427,247000.0,0.051063829787234116,0.07391304347826087,175.9671465485419,-0.028398362408357136,0.06074008807196862,185.09990948217427,0.01909723748865,0.16124560023036547,26.0,0.0,0.18181818181818188,7.0,0.0,-0.125,30.0,0.2,0.3636363636363635,10.0,0.6666666666666667,1.5,,,,15.0,2.0,-15.5,1.028215885518024,-0.00783696795054567,0.041572551704396325,0.5769230769230769,-0.07692307692307697,0.3496503496503496,,,,0.7142857142857143,0.1428571428571429,0.4642857142857143,"Virginia Beach, VA",47260,2022-01-09 14:29:56
6961737,2021-07-01,2021-09-30,90,neighborhood,1,178952,f,"Hampton, VA - Coliseum Central",Hampton,Virginia,VA,Single Family Residential,6,235000.0,-0.01673640167364021,0.2876712328767124,219500.0,-0.0796645702306079,0.020930232558139528,142.85714285714286,0.0,0.07330124572453967,145.01160092807424,0.034462725395699945,0.11082534633692688,27.0,-0.18181818181818174,0.2272727272727273,8.0,0.6000000000000001,-0.4666666666666666,21.0,-0.19230769230769226,-0.125,9.0,0.0,0.0,,,,14.0,0.5,-24.5,1.0316457380070734,0.0015222640012264588,0.03722504948039973,0.6666666666666666,-0.030303030303030387,0.3939393939393939,,,,0.625,0.025000000000000026,0.425,"Virginia Beach, VA",47260,2022-01-09 14:29:56
7098378,2021-07-01,2021-09-30,90,neighborhood,1,176394,f,"Virginia Beach, VA - Holland",Virginia Beach,Virginia,VA,Single Family Residential,6,305000.0,-0.012944983818770184,0.09712230215827344,300000.0,0.00033344448149374983,0.09090909090909081,186.127413858387,0.002606335983844632,0.12458222599312818,185.3753985677696,0.020593516231837583,0.11624662854389944,334.0,-0.05382436260623225,-0.01764705882352946,110.0,0.009174311926605448,-0.06779661016949157,352.0,-0.022222222222222254,0.05389221556886237,99.0,0.010204081632652963,-0.01980198019801982,,,,19.0,0.0,-4.0,1.0216333830723463,-0.005990013254893567,0.016387098201568806,0.6766467065868264,-0.06273006395141723,0.2237055301162381,,,,0.34545454545454546,-0.021517931609674745,-0.06979969183359014,"Virginia Beach, VA",47260,2022-01-09 14:29:56
7287938,2021-07-01,2021-09-30,90,neighborhood,1,180209,f,"Hampton, VA - Willow Oaks",Hampton,Virginia,VA,Single Family Residential,6,237000.0,-0.0778210116731517,0.18500000000000005,242400.0,0.010421008753647376,0.08992805755395696,140.95744680851064,-0.0054304799604156795,0.10965492580010737,148.8122222863408,0.02939021492626281,0.0745536468398036,73.0,0.028169014084507005,0.19672131147540986,24.0,-0.22580645161290325,0.5,84.0,-0.056179775280898896,0.2727272727272727,32.0,0.032258064516129004,0.18518518518518512,,,,18.0,2.0,-6.5,1.0047693208437871,-0.0014098825224020395,0.02574654872884463,0.4931506849315068,-0.013891568589619928,0.2308556029642937,,,,0.20833333333333331,-0.17876344086021506,-0.29166666666666663,"Virginia Beach, VA",47260,2022-01-09 14:29:56
7323229,2021-07-01,2021-09-30,90,neighborhood,1,19662,f,"Alexandria, VA - North Ridge-Rosemont",Alexandria,Virginia,VA,Single Family Residential,6,1062500.0,-0.011627906976744208,0.05459057071960305,997000.0,0.049473684210526336,0.0020100502512563345,457.61948403346673,-0.012123018594420998,0.13820308206589346,451.38888888888886,0.02480888294222372,0.09706929151373613,40.0,-0.29824561403508776,-0.13043478260869568,12.0,1.4,0.0,32.0,-0.2,-0.33333333333333337,16.0,0.1428571428571428,-0.3043478260869565,,,,24.0,10.0,-5.0,1.0178914808425126,0.0005984095228894759,0.01861894265124009,0.5,0.02631578947368424,0.06521739130434784,,,,0.6666666666666666,0.6666666666666666,0.3333333333333333,"Washington, DC",47894,2022-01-09 14:29:56
7347960,2021-07-01,2021-09-30,90,neighborhood,1,57014,f,"Chesapeake, VA - Western Branch",Chesapeake,Virginia,VA,Single Family Residential,6,372500.0,0.05673758865248235,0.12537764350453173,330000.0,-0.05565889254542855,-0.020044543429844075,165.42110967449378,-0.003393429705217943,0.1501936532054644,162.52955082742318,-0.013065624835372658,0.09329693807317427,164.0,-0.07865168539325838,-0.040935672514619936,52.0,-0.14754098360655746,-0.018867924528301886,187.0,-0.09223300970873782,0.16874999999999996,68.0,-0.08108108108108103,0.046153846153846205,,,,18.0,1.0,-10.0,1.0143708705029948,-0.004410280021713842,0.010477873420964956,0.6463414634146342,-0.005343929843792838,0.32470403651404933,,,,0.21153846153846154,-0.2638713745271121,-0.20355587808418,"Virginia Beach, VA",47260,2022-01-09 14:29:56
7355140,2021-07-01,2021-09-30,90,neighborhood,1,180978,f,"Dale City, VA - Kirkdale",Dale City,Virginia,VA,Single Family Residential,6,435000.0,0.011627906976744208,0.15231788079470188,439900.0,0.011264367816091969,0.18891891891891888,208.69351669941062,-0.007757188783711344,0.12044499801793095,204.54545454545453,-0.029293285733271723,0.09748420340879949,23.0,0.09523809523809534,0.9166666666666669,6.0,-0.1428571428571429,0.2,25.0,-0.038461538461538436,0.6666666666666667,10.0,-0.16666666666666666,4.0,,,,29.5,19.0,26.0,1.0014135097230872,-0.012663244828032385,-0.03275850881950948,0.5652173913043478,-0.006211180124223614,-0.18478260869565225,,,,0.16666666666666666,-0.11904761904761905,-0.43333333333333335,"Washington, DC",47894,2022-01-09 14:29:56
7389265,2021-07-01,2021-09-30,90,neighborhood,1,63161,f,"Newport News, VA - Nicewood",Newport News,Virginia,VA,Single Family Residential,6,255500.0,0.04285714285714293,0.21666666666666656,263700.0,0.0,0.24269557021677654,158.29085809040924,0.016593502537435082,0.09309246408586792,161.69734893531881,0.024968342200732074,0.13202603531426127,20.0,0.11111111111111116,0.3333333333333333,2.0,-0.7142857142857143,-0.5,14.0,-0.125,-0.2222222222222222,3.0,-0.4,0.0,,,,14.5,-1.0,-5.0,1.0416152485441592,-0.0047258595201529205,0.0393796592910376,0.7,-0.022222222222222254,0.29999999999999993,,,,0.0,-0.7142857142857143,-0.25,"Virginia Beach, VA",47260,2022-01-09 14:29:56
7421800,2021-07-01,2021-09-30,90,neighborhood,1,180679,f,"Virginia Beach, VA - Sandbridge",Virginia Beach,Virginia,VA,Single Family Residential,6,925000.0,-0.013333333333333308,0.24161073825503365,964900.0,-0.12281818181818185,0.13531003647487938,380.47889610389603,-0.004280267224623714,0.3967916521398065,391.815411406182,0.0003797738030177911,0.3211297233491974,25.0,0.13636363636363644,-0.32432432432432434,10.0,0.11111111111111116,2.333333333333333,23.0,-0.25806451612903225,0.769230769230769,7.0,-0.4166666666666666,-0.6666666666666667,,,,23.0,6.0,-63.0,0.9860285886736976,-0.014848447073548262,0.0168238941927642,0.36,-0.04909090909090912,0.19783783783783784,,,,0.3,0.07777777777777779,0.3,"Virginia Beach, VA",47260,2022-01-09 14:29:56
7542806,2021-07-01,2021-09-30,90,neighborhood,1,180962,f,"Richmond, VA - North Richmond",Richmond,Virginia,VA,Single Family Residential,6,325000.0,0.0,0.1504424778761062,325000.0,0.00015386982612719535,0.16092159314163235,203.38983050847457,0.010552745528085827,0.2463998026258156,192.5722145804677,-0.009108127867090364,0.15751514926205434,147.0,-0.09259259259259256,-0.11445783132530117,46.0,-0.3030303030303029,-0.16363636363636366,183.0,-0.06632653061224493,0.13664596273291926,79.0,0.16176470588235306,0.6808510638297873,,,,8.0,0.0,-2.0,1.031717135595308,-0.013304646389498131,0.015111845766091703,0.5782312925170068,-0.08843537414965985,0.09027948528809109,,,,0.5869565217391305,-0.003952569169960452,-0.10395256916996044,"Richmond, VA",40060,2022-01-09 14:29:56
7547717,2021-07-01,2021-09-30,90,neighborhood,1,181231,f,"Suffolk, VA - Holy Neck",Suffolk,Virginia,VA,Single Family Residential,6,395000.0,0.038107752956636036,0.30363036303630353,389900.0,0.0397333333333334,0.0833564879133093,157.23608984175596,-0.0011539573927297206,0.0768568410633197,167.47189481464193,0.00010702243650340117,0.11914346020655442,97.0,0.03191489361702127,0.5396825396825398,26.0,0.18181818181818188,-0.3953488372093024,85.0,-0.07608695652173914,-0.2857142857142857,52.0,-0.10344827586206896,0.0,,,,25.0,5.0,-16.0,1.0123303579830392,-0.003163364884043229,0.004254583197325301,0.5463917525773195,-0.04935292827374426,0.117820324005891,,,,0.2692307692307692,-0.2307692307692308,-0.17262969588550986,"Virginia Beach, VA",47260,2022-01-09 14:29:56
7654713,2021-07-01,2021-09-30,90,neighborhood,1,180407,f,"Norfolk, VA - Willow Terrace",Norfolk,Virginia,VA,Single Family Residential,6,289900.0,0.0737037037037036,0.17607683647907169,275000.0,-0.026376349796424114,0.12751127511275118,173.2888888888889,0.023703837412515586,0.12221923633501032,167.21717588769613,-0.09659360772319248,0.04890930292482443,21.0,-0.19230769230769226,-0.19230769230769226,6.0,0.2,-0.33333333333333337,35.0,0.25,0.9444444444444444,19.0,0.8999999999999998,2.8,,,,13.0,1.0,-18.0,1.013173402707552,0.007323231758960435,0.02747190925801501,0.4761904761904762,-0.02380952380952384,0.20695970695970692,,,,0.6666666666666666,-0.1333333333333334,0.2222222222222222,"Virginia Beach, VA",47260,2022-01-09 14:29:56
7806893,2021-07-01,2021-09-30,90,neighborhood,1,180748,f,"Suffolk, VA - Cypress",Suffolk,Virginia,VA,Single Family Residential,6,330000.0,0.0,0.09625446391495715,338000.0,0.024242424242424176,0.02579666160849769,162.57995735607676,0.017007552531496772,0.12412876859140097,164.09746394828443,0.0424289856163238,0.12702159229513432,63.0,0.10526315789473696,-0.07352941176470584,17.0,-0.3703703703703704,-0.10526315789473684,77.0,0.013157894736842035,0.11594202898550733,27.0,0.2857142857142858,-0.06896551724137934,,,,21.0,-0.5,-7.0,1.030299082839132,-0.0015610684120488385,0.0281023236366289,0.7777777777777779,0.023391812865497075,0.3513071895424837,,,,0.4117647058823529,-0.10675381263616557,0.14860681114551086,"Virginia Beach, VA",47260,2022-01-09 14:29:56
7831642,2021-07-01,2021-09-30,90,neighborhood,1,547645,f,"Arlington, VA - South Arlington",Arlington,Virginia,VA,Single Family Residential,6,889900.0,-0.011222222222222245,0.09056372549019608,859950.0,-0.044441604764735576,0.012897526501766787,419.2286193404136,0.024163409873086072,0.06399812580146637,408.3875564799369,-0.0208648856968402,-0.0065347605630923225,73.0,-0.24742268041237114,0.028169014084507005,17.0,-0.3703703703703704,-0.4137931034482759,84.0,-0.0869565217391305,0.09090909090909081,50.0,0.3888888888888888,0.6666666666666667,,,,22.0,2.5,-6.0,1.0084063363295837,-0.004883392244160678,-0.010032927569105121,0.4931506849315068,-0.03262251094478186,0.00019293845263357312,,,,0.4117647058823529,-0.03267973856209149,-0.07099391480730227,"Washington, DC",47894,2022-01-09 14:29:56
8094400,2021-07-01,2021-09-30,90,neighborhood,1,549679,f,"Norfolk, VA - Layfayette",Norfolk,Virginia,VA,Single Family Residential,6,289950.0,0.0738888888888889,0.05436363636363639,289900.0,-0.03027262083960525,0.15039682539682533,163.7998332575413,-0.06513168991803264,0.14435499947049424,172.3706896551724,0.0200255326404184,0.17216456738570995,20.0,-0.13043478260869568,0.05263157894736836,6.0,0.5,1.0,17.0,-0.2272727272727273,-0.05555555555555558,9.0,0.125,0.0,,,,23.5,4.5,-20.0,1.000362507048034,-0.01295630357824451,0.0029249424845279037,0.55,-0.10217391304347824,0.1289473684210527,,,,0.16666666666666666,0.16666666666666666,-0.16666666666666666,"Virginia Beach, VA",47260,2022-01-09 14:29:56
8128546,2021-07-01,2021-09-30,90,neighborhood,1,87366,f,"Richmond, VA - North Highland Park",Richmond,Virginia,VA,Single Family Residential,6,287500.0,0.017699115044247815,0.17346938775510212,294500.0,-0.07097791798107256,0.6452513966480447,168.72012168622337,0.0234787762357882,0.18292248884839132,177.62876385392482,-0.006383478672991826,0.2453823369089303,20.0,-0.09090909090909093,-0.04761904761904767,5.0,-0.16666666666666666,-0.375,24.0,-0.07692307692307686,0.1428571428571428,19.0,0.3571428571428572,2.1666666666666665,,,,17.5,6.0,-8.0,1.002965052844118,-0.007696308461022205,0.005007047752818128,0.55,-0.08636363636363632,0.21666666666666676,,,,0.6,0.26666666666666666,-0.025000000000000026,"Richmond, VA",40060,2022-01-09 14:29:56
8131470,2021-07-01,2021-09-30,90,neighborhood,1,176466,f,"Virginia Beach, VA - Courthouse-Sandbridge",Virginia Beach,Virginia,VA,Single Family Residential,6,447800.0,0.006292134831460627,0.07968655816757075,424750.0,-0.012209302325581373,0.0618749999999999,204.79417310324365,0.0017600863819262624,0.14136470008324695,205.30315842881907,0.00565518758764294,0.11816898787124686,382.0,-0.03535353535353536,-0.09478672985781987,93.0,-0.16216216216216214,-0.10576923076923073,335.0,-0.15189873417721522,0.0,99.0,-0.05714285714285716,-0.2442748091603053,,,,20.0,2.0,-6.5,1.0164769388896997,-0.006860208851255267,0.02070955382750228,0.5759162303664922,-0.02256861811835631,0.22283566164611307,,,,0.3010752688172043,-0.14036617262423712,-0.045078577336641834,"Virginia Beach, VA",47260,2022-01-09 14:29:56
8287528,2021-07-01,2021-09-30,90,neighborhood,1,179621,f,"Montclair, VA - Lake Montclair",Montclair,Virginia,VA,Single Family Residential,6,528000.0,-0.026728110599078314,0.14782608695652175,525000.0,-0.004739336492891043,0.11832996059218236,186.8764857973267,-0.0363218090009968,0.0640518272949826,181.31356655290105,-0.018771296837616136,0.0871421215104553,30.0,-0.3478260869565217,-0.18918918918918914,5.0,-0.375,-0.2857142857142857,35.0,-0.125,0.16666666666666674,16.0,0.3333333333333333,1.2857142857142856,,,,6.0,1.0,-23.0,1.0220201660029955,-0.007821733583616819,0.0037726799084258906,0.6,-0.11739130434782608,-0.07567567567567568,,,,0.0,-0.25,-0.7142857142857143,"Washington, DC",47894,2022-01-09 14:29:56
8409333,2021-07-01,2021-09-30,90,neighborhood,1,57830,f,"Norfolk, VA - Bayview",Norfolk,Virginia,VA,Single Family Residential,6,302500.0,0.0185185185185186,0.2448559670781893,275000.0,0.0,0.14822546972860118,178.0427787242097,0.01377418404057762,0.14721477421425555,176.14285714285714,-0.01661959183673478,0.11048844391390712,54.0,-0.06896551724137934,-0.11475409836065575,11.0,-0.2142857142857143,-0.5217391304347826,65.0,0.0,0.08333333333333326,31.0,0.8235294117647058,1.5833333333333337,,,,14.0,0.0,-10.0,1.02090663944615,0.002529054271883657,0.026956341498118985,0.5925925925925926,-0.028097062579821253,0.2483302975106253,,,,0.5454545454545454,0.11688311688311688,0.15415019762845844,"Virginia Beach, VA",47260,2022-01-09 14:29:56
8455086,2021-07-01,2021-09-30,90,neighborhood,1,347907,f,"Chesapeake, VA - Great Bridge",Chesapeake,Virginia,VA,Single Family Residential,6,464950.0,-0.00545454545454549,0.13679706601467,445000.0,-0.02197802197802201,0.10573428832332166,179.56244360608738,0.023330833795436986,0.15104130516722658,178.5372085595656,0.021473557286863176,0.12823813577200016,148.0,-0.13953488372093026,-0.10303030303030304,34.0,-0.4137931034482759,-0.08108108108108103,143.0,-0.10062893081761004,-0.03378378378378377,38.0,-0.07317073170731703,-0.3214285714285714,,,,19.0,1.0,-5.0,1.0228846349059966,-0.003808470148834785,0.02416401570046556,0.6959459459459459,-0.0017284726587052381,0.32624897624897625,,,,0.35294117647058826,-0.14705882352941174,0.08267090620031796,"Virginia Beach, VA",47260,2022-01-09 14:29:56
8456653,2021-07-01,2021-09-30,90,neighborhood,1,764352,f,"Tuckahoe, VA - Midlothian",Tuckahoe,Virginia,VA,Single Family Residential,6,410000.0,-0.06818181818181823,0.034700315457413256,395000.0,0.025974025974025983,0.02610728666060536,169.08212560386474,-0.014402449947489071,0.17926539165705946,159.72222222222226,-0.005000469370239125,0.08016283483386344,223.0,-0.1356589147286822,-0.16165413533834586,64.0,-0.2289156626506024,-0.08571428571428576,219.0,-0.16730038022813687,-0.12048192771084346,39.0,-0.1333333333333333,-0.4583333333333334,,,,9.0,1.0,-6.0,1.041720454384902,-0.005754231028255896,0.038444994083033146,0.7309417040358744,0.010011471477734957,0.3474830574193331,,,,0.640625,0.03821536144578308,-0.10223214285714287,"Richmond, VA",40060,2022-01-09 14:29:56
8528944,2021-07-01,2021-09-30,90,neighborhood,1,58830,f,"Portsmouth, VA - Prentis Park",Portsmouth,Virginia,VA,Single Family Residential,6,211500.0,0.17565314063368542,0.20857142857142866,199950.0,-0.00024999999999997247,0.20488098824947265,132.4561403508772,0.09998178838098704,0.19257850859781467,121.80697749757609,-0.010462002360197451,0.14449596943491327,28.0,0.03703703703703697,0.16666666666666674,11.0,1.2000000000000002,0.8333333333333331,28.0,0.03703703703703697,0.0,12.0,-0.25,-0.25,,,,35.0,13.0,3.5,1.0206074413084802,0.03198184446163366,0.029697763217523376,0.3928571428571429,0.022486772486772496,-0.02380952380952384,,,,0.2727272727272727,-0.12727272727272732,-0.5606060606060607,"Virginia Beach, VA",47260,2022-01-09 14:29:56
8749935,2021-07-01,2021-09-30,90,neighborhood,1,179029,f,"Richmond, VA - East End",Richmond,Virginia,VA,Single Family Residential,6,270000.0,-0.009174311926605448,0.2,259450.0,0.037800000000000056,0.054889205122992564,192.28098290598285,-0.001711947934418534,0.17086709943852796,188.2387706855792,0.006108657297758668,0.12108857434851195,107.0,-0.0092592592592593,0.01904761904761898,41.0,0.10810810810810813,0.32258064516129026,130.0,0.0,0.1206896551724137,48.0,-0.040000000000000036,-0.11111111111111116,,,,10.0,3.0,-4.0,1.017019164211928,-0.014977010983518781,0.022434990150937303,0.4579439252336449,-0.143907926618207,0.029372496662216308,,,,0.4634146341463415,0.0039551746868820015,0.011801730920535049,"Richmond, VA",40060,2022-01-09 14:29:56
8773495,2021-07-01,2021-09-30,90,neighborhood,1,59056,f,"Norfolk, VA - South Bayview",Norfolk,Virginia,VA,Single Family Residential,6,268000.0,-0.014705882352941124,0.16572422792518493,252449.5,0.0,0.03166939109113209,177.18446601941747,0.020764920045688084,0.13473455897541833,173.14901240515476,-0.0006959670409850681,0.16005005866342725,21.0,-0.27586206896551724,0.2352941176470589,5.0,-0.16666666666666666,0.25,20.0,-0.23076923076923075,0.0,6.0,-0.25,-0.1428571428571429,,,,15.0,1.0,-7.0,1.0255550686957149,-0.006147921252214861,0.0355454751729678,0.7142857142857143,-0.04433497536945808,0.4201680672268908,,,,0.2,-0.1333333333333333,-0.3,"Virginia Beach, VA",47260,2022-01-09 14:29:56
