,Unnamed: 0,period_begin,period_end,period_duration,region_type,region_type_id,table_id,is_seasonally_adjusted,region,city,state,state_code,property_type,property_type_id,median_sale_price,median_sale_price_mom,median_sale_price_yoy,median_list_price,median_list_price_mom,median_list_price_yoy,median_ppsf,median_ppsf_mom,median_ppsf_yoy,median_list_ppsf,median_list_ppsf_mom,median_list_ppsf_yoy,homes_sold,homes_sold_mom,homes_sold_yoy,pending_sales,pending_sales_mom,pending_sales_yoy,new_listings,new_listings_mom,new_listings_yoy,inventory,inventory_mom,inventory_yoy,months_of_supply,months_of_supply_mom,months_of_supply_yoy,median_dom,median_dom_mom,median_dom_yoy,avg_sale_to_list,avg_sale_to_list_mom,avg_sale_to_list_yoy,sold_above_list,sold_above_list_mom,sold_above_list_yoy,price_drops,price_drops_mom,price_drops_yoy,off_market_in_two_weeks,off_market_in_two_weeks_mom,off_market_in_two_weeks_yoy,parent_metro_region,parent_metro_region_metro_code,last_updated,cluster_nbr,0,1,2,3,4
0,66670,2021-07-01,2021-09-30,90,neighborhood,1,87269,f,"Richmond, VA - Midlothian",Richmond,Virginia,VA,Single Family Residential,6,238000.0,-0.0082300239608292,0.1279620853080569,252474.5,0.1025087336244541,0.2379235106643784,171.09144542772864,-0.010257485015965,0.0931874022581638,174.25319845668332,0.0036984231104959,0.1261223335509842,71.0,0.0142857142857142,0.4791666666666667,22.0,0.0,0.8333333333333331,70.0,-0.0140845070422535,0.3461538461538462,17.0,-0.2916666666666666,0.3076923076923077,,,,11.5,3.0,5.5,1.0318881687859438,-0.0174372111290326,0.0088328690775696,0.732394366197183,-0.0818913480885311,0.1907276995305164,,,,0.4090909090909091,-0.1363636363636363,-0.3409090909090909,"Richmond, VA",40060,2022-01-09 14:29:56,1,-0.35353422823577857,0.06499384282145183,0.05415796022707446,0.1546660591061543,-0.03240075717261122
1,209009,2021-07-01,2021-09-30,90,neighborhood,1,60852,f,"Norfolk, VA - Colonial Place",Norfolk,Virginia,VA,Single Family Residential,6,339900.0,0.0707197983934477,0.0303122158229767,362450.0,0.1084097859327217,0.1152307692307692,185.5,-0.0038018996950951,0.0875125215587506,177.68875611080935,-0.0457090133645788,0.0438662303007018,25.0,0.1363636363636364,0.5625,3.0,-0.5714285714285714,-0.5,22.0,-0.2666666666666667,0.0,11.0,-0.0833333333333333,0.1,,,,15.0,0.0,-5.5,1.0206121036446518,-0.0065868854056863,0.0109146505623618,0.56,-0.0309090909090908,0.185,,,,0.3333333333333333,-0.2380952380952381,-0.1666666666666666,"Virginia Beach, VA",47260,2022-01-09 14:29:56,1,-0.08768722934815416,-0.06435738816792784,0.1645330519403409,0.34320931612256983,0.044960214532808206
2,229908,2021-07-01,2021-09-30,90,neighborhood,1,179926,f,"Norfolk, VA - Snug Harbor",Norfolk,Virginia,VA,Single Family Residential,6,290000.0,0.0,0.1623246492985972,260000.0,0.0003847633705271,0.0878661087866108,178.30777967064168,0.0,0.1946562571777505,169.14749661705008,-0.0101064164889065,0.1211627464611873,23.0,0.0,0.0454545454545454,3.0,-0.25,-0.7,19.0,-0.24,-0.3448275862068966,9.0,0.8,0.5,,,,15.5,1.5,-4.0,1.0228015200480598,-6.577608531888046e-05,0.0341650375386347,0.6521739130434783,0.0,0.2885375494071146,,,,0.6666666666666666,0.4166666666666666,0.3666666666666665,"Virginia Beach, VA",47260,2022-01-09 14:29:56,1,0.016326977852332572,-0.3095230797225993,0.20643252577253982,-0.0959476177689311,0.03699866746855215
3,235414,2021-07-01,2021-09-30,90,neighborhood,1,65905,f,"Hampton, VA - Wythe",Hampton,Virginia,VA,Single Family Residential,6,213500.0,-0.0511111111111111,0.0249639942390782,200000.0,-0.0697674418604651,-0.0697674418604651,144.53678631099845,0.0339939328402196,0.1808757864508419,144.97041420118344,0.0097496323894799,0.169256590586746,90.0,0.0112359550561798,-0.0909090909090909,36.0,0.125,0.894736842105263,109.0,-0.0267857142857143,0.1122448979591836,49.0,-0.0925925925925925,-0.1551724137931034,,,,24.0,3.0,-11.5,1.0078006609387915,0.0045304733200415,0.0141444236529408,0.5555555555555556,0.0274656679151061,0.2727272727272728,,,,0.3611111111111111,-0.0763888888888889,-0.0073099415204678,"Virginia Beach, VA",47260,2022-01-09 14:29:56,2,0.35632036629641206,-0.0011867451700827325,-0.09079273100098098,0.0685448534288578,-0.04729890465228078
4,321945,2021-07-01,2021-09-30,90,neighborhood,1,223055,f,"Poquoson, VA - Central Poquoson",Poquoson,Virginia,VA,Single Family Residential,6,392000.0,-0.0374462860650706,0.0453333333333332,375000.0,-0.0079365079365079,-0.106930221481305,175.80759258566746,0.0060706202070091,0.0699892549459544,180.3179190751445,0.0496117677508412,0.0882243842273848,28.0,-0.0666666666666666,0.2173913043478261,5.0,-0.1666666666666666,-0.2857142857142857,20.0,-0.2,-0.2,12.0,0.0,-0.3333333333333333,,,,23.0,4.0,-29.0,1.0065313798586195,-0.0011558533891624,0.0200403228273656,0.5,-0.0333333333333333,0.4130434782608696,,,,0.2,0.0333333333333333,-0.2285714285714285,"Virginia Beach, VA",47260,2022-01-09 14:29:56,2,0.3162031924198265,-0.08909692344795558,0.1771668385214878,0.15822528012929746,0.043945747235363736
5,351701,2021-07-01,2021-09-30,90,neighborhood,1,208318,f,"Manassas Park, VA - Bloom Crossing",Manassas Park,Virginia,VA,Single Family Residential,6,555000.0,0.004524886877828,0.1935483870967742,549900.0,0.0,0.1699999999999999,200.4062288422478,-0.0176697835102365,0.2057774768675242,196.42857142857144,0.0551918530641932,0.2150548547492096,23.0,0.1499999999999999,0.3529411764705883,4.0,-0.5555555555555556,-0.4285714285714286,19.0,-0.1739130434782608,0.0555555555555555,3.0,-0.25,-0.25,,,,6.0,1.5,-23.0,1.0302402307227954,0.0006367068469519,0.020495187119675,0.6521739130434783,-0.0478260869565216,0.1227621483375959,,,,0.25,-0.1944444444444444,-0.3214285714285714,"Washington, DC",47894,2022-01-09 14:29:56,1,-0.4559243287723352,-0.1626477427409516,0.11822742151078339,-0.0014921877269342936,0.11661674048872414
6,410428,2021-07-01,2021-09-30,90,neighborhood,1,180009,f,"Norfolk, VA - Estabrook",Norfolk,Virginia,VA,Single Family Residential,6,241250.0,-0.0051546391752577,0.2107904642409032,239900.0,-0.0107216494845361,0.1705293974140034,155.2812974936825,0.0016950425588335,0.116832395162826,156.4625850340136,0.0097052154195012,0.0748321752443763,24.0,-0.0769230769230768,-0.2,5.0,-0.5,-0.2857142857142857,31.0,0.0689655172413792,0.7222222222222222,13.0,0.3,1.6,,,,21.0,1.5,0.0,1.0158485240516213,0.0049952861665143,0.0219046348346096,0.4166666666666666,-0.1602564102564102,0.0833333333333333,,,,0.0,-0.3,-0.2857142857142857,"Virginia Beach, VA",47260,2022-01-09 14:29:56,0,0.020842630141399223,0.32829710260179323,-0.23417786588912695,-0.2794229499385707,-0.11450586546378105
7,577500,2021-07-01,2021-09-30,90,neighborhood,1,63842,f,"Newport News, VA - Windsor Great Park",Newport News,Virginia,VA,Single Family Residential,6,276500.0,0.0737864077669903,0.1520833333333333,281450.0,0.0234545454545453,0.1374014952515658,156.37207019314158,0.0036888015810063,0.1306408532072007,150.35733921294118,-0.0116678665124242,0.1072714876263811,30.0,0.25,0.0344827586206897,10.0,0.25,1.5,28.0,0.0370370370370369,0.75,9.0,-0.25,0.8,,,,19.0,3.0,-13.5,0.999106255103824,-0.0136261543540214,0.0177407290807063,0.5333333333333333,-0.0916666666666666,0.2919540229885057,,,,0.3,-0.075,0.3,"Virginia Beach, VA",47260,2022-01-09 14:29:56,0,0.027877977683048987,0.39598035454486924,-0.23335596747263915,-0.08296429868236063,0.09493500637711844
8,625493,2021-07-01,2021-09-30,90,neighborhood,1,63612,f,"Hampton, VA - Fox Hill",Hampton,Virginia,VA,Single Family Residential,6,274000.0,0.0508149568552254,0.1567282321899736,275000.0,0.0377358490566037,0.1463109629012089,153.3104007214937,-0.0036084323268784,0.1896278209972556,152.88220551378447,0.0107532983401901,0.1332440132063275,86.0,-0.0444444444444444,0.4333333333333333,18.0,-0.1818181818181817,0.0,67.0,-0.1728395061728395,0.0,24.0,0.0,-0.1724137931034483,,,,17.5,-1.5,-5.0,1.0174871383616653,-0.006321058715643,0.0162483275368605,0.5116279069767442,-0.0883720930232557,0.0616279069767442,,,,0.3888888888888889,-0.2474747474747474,0.0555555555555555,"Virginia Beach, VA",47260,2022-01-09 14:29:56,1,-0.049700457417331326,0.017697745588202064,0.24848321183966232,0.07049063134455695,0.04622496004501531
9,630923,2021-07-01,2021-09-30,90,neighborhood,1,180510,f,"Chesapeake, VA - Pleasant Grove",Chesapeake,Virginia,VA,Single Family Residential,6,470000.0,-0.0015932023366967,0.1340015900149953,450000.0,0.0,0.1029411764705883,185.3881278538813,0.0167115799295429,0.1587595175818008,187.4995,0.0292335322195704,0.1489099797101449,317.0,-0.133879781420765,-0.0890804597701149,68.0,-0.4137931034482759,-0.1807228915662651,302.0,-0.0958083832335329,-0.0591900311526479,110.0,0.1111111111111111,-0.0178571428571429,,,,16.0,2.0,-8.0,1.0189137203718346,-0.0062386835582346,0.0201840324760468,0.6529968454258676,-0.0355277447380668,0.2593186845063273,,,,0.3529411764705882,-0.112576064908722,0.0637845499645641,"Virginia Beach, VA",47260,2022-01-09 14:29:56,2,0.0404527983114152,-0.1864488810385849,0.007973039845872625,-0.10148362711453707,0.02148306511187216
10,756804,2021-07-01,2021-09-30,90,neighborhood,1,402139,f,"Poquoson, VA - Eastern Poquoson",Poquoson,Virginia,VA,Single Family Residential,6,299500.0,0.0152542372881356,0.3135964912280702,273700.0,-0.0189964157706092,-0.2008759124087591,164.6187752355316,-0.0252413622441644,0.1042981862825467,155.52614162806088,0.0058436918549122,-0.0706979960124489,20.0,-0.1666666666666666,-0.0476190476190476,6.0,-0.1428571428571429,2.0,16.0,-0.1578947368421053,0.1428571428571428,5.0,-0.1666666666666666,-0.5833333333333333,,,,31.0,3.0,-28.0,0.9986295718456522,-0.0208411283846791,0.0201125320269322,0.6,0.0166666666666666,0.3142857142857143,,,,0.5,0.3571428571428571,0.5,"Virginia Beach, VA",47260,2022-01-09 14:29:56,2,0.41566865294741373,0.309381109609587,0.23944561009957818,-0.40247327788595166,-0.026522863762456935
11,826925,2021-07-01,2021-09-30,90,neighborhood,1,475037,f,"Richmond, VA - Near West",Richmond,Virginia,VA,Single Family Residential,6,390000.0,-0.0847755940158404,-0.1048886848749139,394950.0,-0.0246944067168786,-0.1222358039782197,251.3227513227513,-0.0040729590933239,-0.0193173371537548,253.46854861979412,0.0135783615409519,-0.0073688838813393,73.0,-0.0875,0.1060606060606059,26.0,0.1818181818181818,0.3684210526315789,76.0,-0.0256410256410256,-0.0379746835443037,19.0,-0.1363636363636363,-0.3666666666666667,,,,8.0,0.0,-1.0,1.0353904208700513,-0.0111524823882118,0.0175547272735043,0.6575342465753424,0.0200342465753424,0.1878372768783727,,,,0.5,-0.2272727272727273,-0.2368421052631578,"Richmond, VA",40060,2022-01-09 14:29:56,1,-0.17115937231164557,-0.4246709257200689,-0.20468572903067045,0.40183055246602195,-0.035909903661386355
12,868644,2021-07-01,2021-09-30,90,neighborhood,1,178974,f,"Hampton, VA - Phoebus",Hampton,Virginia,VA,Single Family Residential,6,231000.0,-0.0374999999999999,-0.0600203458799593,229900.0,0.0452375539895431,0.1165614375910635,152.2421524663677,0.0306332382117136,0.1604272075219848,139.4736842105263,-0.0284174264006539,0.0469992855441774,51.0,-0.0377358490566037,-0.203125,24.0,0.8461538461538461,1.4,63.0,-0.0735294117647058,0.8,28.0,-0.3,1.1538461538461535,,,,16.0,2.0,-16.5,1.0052019689147111,0.0108955435688494,0.0100907335705108,0.5294117647058824,0.0577136514983351,0.1856617647058824,,,,0.375,0.0673076923076922,0.175,"Virginia Beach, VA",47260,2022-01-09 14:29:56,0,0.08324794364308802,0.18365089893144845,-0.5802790169099277,0.1878293199996296,0.023455648077552942
13,980271,2021-07-01,2021-09-30,90,neighborhood,1,61069,f,"Norfolk, VA - East Ocean View",Norfolk,Virginia,VA,Single Family Residential,6,480000.0,-0.1688311688311687,-0.0855401028767384,569000.0,0.0685446009389671,0.0345454545454544,202.10896309314583,-0.1301814322684041,-0.0069746317065666,234.0,0.0810597402597401,0.1145961002785516,25.0,-0.3421052631578947,-0.2857142857142857,6.0,-0.1428571428571429,0.2,35.0,-0.0789473684210526,0.2068965517241379,22.0,0.0476190476190476,-0.12,,,,14.0,-1.0,-72.0,1.0142524549616936,-0.0009038383994495,0.0222744172936323,0.56,0.0863157894736842,0.3885714285714286,,,,0.3333333333333333,-0.3809523809523809,-0.0666666666666667,"Virginia Beach, VA",47260,2022-01-09 14:29:56,2,0.13150879627192572,-0.2273282199750398,-0.41432170986471306,0.19707697507833374,0.019957661329635012
14,1104035,2021-07-01,2021-09-30,90,neighborhood,1,180085,f,"Virginia Beach, VA - Great Neck",Virginia Beach,Virginia,VA,Single Family Residential,6,526250.0,-0.0396897810218978,0.1126969024209747,495000.0,-0.0030211480362537,0.0477299185098951,231.1164641809803,-0.005037613473908,0.1263864152839657,224.09049182152,-0.0155856397987158,0.0924615771500645,104.0,-0.063063063063063,-0.2463768115942029,27.0,-0.3076923076923077,-0.1818181818181817,110.0,0.0576923076923077,-0.0677966101694915,42.0,0.2,-0.1923076923076922,,,,13.0,-2.0,-14.0,1.0122141640101328,0.0006422806109307,0.0221478659593107,0.5769230769230769,0.0363825363825363,0.2943143812709029,,,,0.5555555555555556,-0.1367521367521367,0.1616161616161616,"Virginia Beach, VA",47260,2022-01-09 14:29:56,2,0.03847494393241928,-0.26517218491844935,-0.11452524286867218,-0.1252115101215022,0.1282724462714439
15,1213751,2021-07-01,2021-09-30,90,neighborhood,1,66168,f,"Chesapeake, VA - Butts Road",Chesapeake,Virginia,VA,Single Family Residential,6,500000.0,0.11123458162018,0.0320982557539477,562500.0,0.0330578512396693,0.2713300937959091,204.5,0.0445451341681155,0.1522314001690907,192.79132451576504,0.0193908367914723,0.0870148712468849,31.0,-0.1388888888888888,-0.03125,6.0,0.2,-0.25,30.0,-0.0625,-0.25,16.0,0.0666666666666666,-0.3846153846153845,,,,19.0,1.0,-22.0,1.00666063755543,0.004044907372301,0.0182366110908711,0.5483870967741935,0.0761648745519713,0.3608870967741935,,,,0.6666666666666666,0.2666666666666666,0.2916666666666666,"Virginia Beach, VA",47260,2022-01-09 14:29:56,2,0.2745678346894473,-0.2456094319970362,0.03476107358468118,0.08610414977075806,0.09827286278961674
16,1219353,2021-07-01,2021-09-30,90,neighborhood,1,92244,f,"Norfolk, VA - Larchmont-Edgewater",Norfolk,Virginia,VA,Single Family Residential,6,443000.0,0.0033975084937711,0.1659428872220028,410000.0,0.0512820512820513,0.0515516799179276,203.30368487928845,0.0073556194469603,0.1814852441678352,189.4736842105264,-0.0348325358851673,0.0696201372997713,41.0,-0.3387096774193549,-0.0681818181818182,11.0,-0.2142857142857143,0.1,47.0,-0.1454545454545455,0.3428571428571427,26.0,-0.037037037037037,0.3684210526315789,,,,15.5,-0.5,-14.0,1.017423437432578,0.0037405491819666,0.0298257523960232,0.5121951219512195,-0.0039339103068449,0.3076496674057649,,,,0.3636363636363637,0.0064935064935064,0.2636363636363637,"Virginia Beach, VA",47260,2022-01-09 14:29:56,1,-0.06959829806582611,0.04896359505103662,-0.12114365754237737,-0.14282514451225728,0.009854977500110208
17,1402056,2021-07-01,2021-09-30,90,neighborhood,1,62547,f,"Hampton, VA - Briarfield",Hampton,Virginia,VA,Single Family Residential,6,194000.0,0.0470921603022533,0.0157068062827225,227450.0,0.0199551569506726,0.0950890707751563,142.6872770511296,0.0062050979726016,0.1716509994839925,139.0134529147982,-0.0193718482795622,0.1130663367867634,61.0,0.0517241379310344,0.4186046511627908,20.0,-0.0476190476190476,0.25,54.0,-0.1428571428571429,-0.0181818181818181,24.0,-0.1428571428571429,-0.1111111111111111,,,,21.0,-2.0,-8.0,1.0057369222692447,-0.00293981417171,0.0143010883180715,0.5081967213114754,-0.043527416619559,0.1593595120091498,,,,0.35,-0.0785714285714285,0.0999999999999999,"Virginia Beach, VA",47260,2022-01-09 14:29:56,2,0.20163211217708746,0.016961772826640235,0.1433773244273583,0.2958521102170636,0.07762552642566768
18,1406423,2021-07-01,2021-09-30,90,neighborhood,1,62006,f,"Chesapeake, VA - Indian River",Chesapeake,Virginia,VA,Single Family Residential,6,258500.0,0.0,0.0773077724525943,265000.0,0.06,0.0820743160473662,166.22622861427303,-0.0070131689440096,0.0889661504842513,169.42090395480227,0.0267933573018319,0.0870045197740112,116.0,-0.0333333333333333,-0.0491803278688525,34.0,-0.2608695652173913,0.2592592592592593,130.0,-0.0972222222222222,0.2871287128712872,47.0,-0.0784313725490196,0.6785714285714286,,,,16.5,2.5,-0.5,1.0177930293651791,-0.0004808146435901,0.0170269584908677,0.6379310344827586,0.0212643678160919,0.285472018089316,,,,0.2352941176470588,-0.2864450127877238,-0.2461873638344226,"Virginia Beach, VA",47260,2022-01-09 14:29:56,2,0.017665927021518656,-0.010535283550970276,-0.16224128125930848,0.013410314907702685,-0.020975882040647868
19,1779260,2021-07-01,2021-09-30,90,neighborhood,1,64158,f,"Norfolk, VA - Park Place",Norfolk,Virginia,VA,Single Family Residential,6,260000.0,-0.0076335877862595,0.2682926829268293,261000.0,0.0255402750491158,0.3384615384615384,140.7469342251951,-0.011420342942082,0.1763922860613322,148.96373056994818,0.0309084563349755,0.2409540530124608,39.0,0.1142857142857143,0.6956521739130433,9.0,-0.5,2.0,37.0,-0.119047619047619,0.9473684210526316,8.0,0.0,-0.5,,,,16.0,0.0,-13.0,1.0231786277889243,0.000585097643051,0.0375696918079931,0.5641025641025641,-0.093040293040293,0.4771460423634337,,,,0.2222222222222222,-0.1666666666666666,-0.1111111111111111,"Virginia Beach, VA",47260,2022-01-09 14:29:56,0,-0.4334817451836967,0.6122020237496208,0.07659778336070705,0.00037194709838035954,-0.04624725602344396
20,1806096,2021-07-01,2021-09-30,90,neighborhood,1,179819,f,"Chesapeake, VA - Plymouth Park",Chesapeake,Virginia,VA,Single Family Residential,6,191000.0,0.0159574468085106,0.0324324324324323,180000.0,0.0005558643690939,0.0285714285714284,161.55088852988692,-0.0064620355411953,0.1753429503811345,165.045871559633,-0.0138945410150571,0.0206784162240463,25.0,-0.074074074074074,0.3157894736842107,9.0,-0.0999999999999999,0.2857142857142858,32.0,-0.0857142857142857,1.9090909090909087,14.0,-0.2222222222222222,3.666666666666667,,,,23.0,5.0,16.0,0.9968308352482712,0.0019775481424791,0.0216258997229932,0.48,0.0355555555555555,0.3221052631578947,,,,0.3333333333333333,-0.0666666666666667,-0.0952380952380952,"Virginia Beach, VA",47260,2022-01-09 14:29:56,0,0.10841540873741758,0.619754555359766,-0.29519401297959497,0.2303248914769859,0.01500635603688869
21,2044893,2021-07-01,2021-09-30,90,neighborhood,1,547644,f,"Arlington, VA - North Arlington",Arlington,Virginia,VA,Single Family Residential,6,1050000.0,-0.1101694915254237,-0.0752972258916776,1099994.5,0.0045611872146118,-0.0434830434782608,443.2624113475178,0.0072067621993101,0.0424574609856087,454.3425343482037,0.0165914206041055,0.0643180386440462,243.0,-0.173469387755102,-0.1258992805755395,69.0,0.0454545454545454,0.1129032258064515,244.0,-0.0505836575875486,-0.1285714285714285,133.0,0.1271186440677967,-0.1073825503355704,,,,23.5,3.5,-4.5,1.0026201531125558,-0.0055982911310854,-0.0121499261531239,0.3909465020576132,-0.0546317292349038,-0.0586937857121709,,,,0.5217391304347826,0.1884057971014492,-0.0266479663394109,"Washington, DC",47894,2022-01-09 14:29:56,2,0.48464266396047617,-0.18399923627697098,-0.11267796162886337,0.22253189944105842,0.018755055153196115
22,2058827,2021-07-01,2021-09-30,90,neighborhood,1,551173,f,"Chester, VA - The Highlands",Chester,Virginia,VA,Single Family Residential,6,547000.0,0.0320754716981133,0.219756940573085,529975.0,0.0134334066354335,0.2485423169797987,156.0348783845801,0.0235888022028454,0.2356829373865761,145.11927073080932,-0.0240281572611982,0.0599990905152456,26.0,-0.2121212121212121,-0.1875,6.0,1.0,0.2,20.0,0.0526315789473683,0.25,7.0,0.3999999999999999,0.1666666666666667,,,,12.0,4.0,-33.0,1.014447699389561,-0.0031504093655139,0.0237610260938914,0.5384615384615384,-0.0675990675990676,0.2259615384615384,,,,0.5,-0.1666666666666666,-0.3,"Richmond, VA",40060,2022-01-09 14:29:56,1,-0.1419985986106947,-0.04382466973346233,-0.124981061733964,-0.2780949167025552,0.11372198756120941
23,2139185,2021-07-01,2021-09-30,90,neighborhood,1,57135,f,"Newport News, VA - Ivy Farms",Newport News,Virginia,VA,Single Family Residential,6,240500.0,0.0020833333333334,0.1186046511627907,240000.0,0.0069225928256764,0.0909090909090908,149.70059880239518,-0.0968063872255489,0.1724841094983187,145.04328798401673,-0.0192944836410727,0.1038314971355718,25.0,0.0,0.6666666666666667,10.0,0.0,1.0,30.0,0.0,0.7647058823529411,8.0,-0.2,0.3333333333333333,,,,19.0,5.5,4.0,1.0274002573341934,0.0041250319312753,0.0360365300447815,0.72,0.0,0.2533333333333333,,,,0.3,0.0,-0.3,"Virginia Beach, VA",47260,2022-01-09 14:29:56,0,-0.2363148748832811,0.45630020263584764,0.032857588777518265,0.23673483985564106,-0.15332505798512142
24,2215472,2021-07-01,2021-09-30,90,neighborhood,1,87229,f,"Richmond, VA - Bellevue",Richmond,Virginia,VA,Single Family Residential,6,439600.0,-0.0115795390668914,0.1722666666666665,399000.0,0.010126582278481,0.1114206128133705,272.519371546693,0.0184384887944202,0.108694471857554,249.36762225969647,0.002542372881356,0.0746391134297848,20.0,-0.2,-0.1304347826086956,7.0,-0.2222222222222222,0.3999999999999999,22.0,-0.0434782608695651,0.2941176470588236,6.0,0.2,2.0,,,,6.0,0.0,0.0,1.0613603426588647,-0.0271427100462606,0.0121483592156836,0.7,-0.02,-0.2565217391304349,,,,0.5714285714285714,-0.3174603174603174,-0.2285714285714286,"Richmond, VA",40060,2022-01-09 14:29:56,1,-0.5398950395285078,-0.2689550568894272,-0.1807697527997853,-0.15485966127162012,-0.26167945666014436
25,2245130,2021-07-01,2021-09-30,90,neighborhood,1,87232,f,"Richmond, VA - Far West End",Richmond,Virginia,VA,Single Family Residential,6,550000.0,-0.009009009009009,-0.0138951142985208,559975.0,0.1788947368421052,0.11995,280.8676307007786,-0.0290866352369164,0.0777852648015886,276.2624516858876,0.0053245881758865,0.0831035396857771,103.0,-0.2313432835820895,-0.0283018867924528,33.0,0.1785714285714286,-0.2666666666666667,92.0,0.0109890109890109,-0.2520325203252033,22.0,0.375,-0.2903225806451612,,,,13.0,2.0,5.0,1.0609370301930616,-0.0023855736789775,0.0395135756856663,0.5728155339805825,-0.076438197362701,0.0256457226598277,,,,0.7272727272727274,0.2272727272727273,-0.0505050505050505,"Richmond, VA",40060,2022-01-09 14:29:56,1,-0.1425503109557763,-0.5334519224244127,-0.01763810136191834,0.18561745740134625,-0.35478452382003184
26,2267875,2021-07-01,2021-09-30,90,neighborhood,1,179388,f,"Virginia Beach, VA - Little Neck",Virginia Beach,Virginia,VA,Single Family Residential,6,420500.0,-0.0105882352941176,0.0740740740740741,422449.5,-0.005884221673138,0.1117092105263157,218.47589135353496,0.0143523527128408,0.1718184544773076,221.78279505582137,0.0322896379621815,0.1364150418660286,102.0,-0.1130434782608695,-0.184,25.0,-0.3055555555555556,-0.3243243243243243,100.0,-0.074074074074074,-0.029126213592233,36.0,0.0285714285714284,0.0588235294117647,,,,19.0,4.0,-11.0,1.0150874025043577,-0.0021276216575116,0.0230116850390595,0.5588235294117647,-0.0324808184143222,0.2548235294117647,,,,0.4,-0.0444444444444444,-0.0864864864864865,"Virginia Beach, VA",47260,2022-01-09 14:29:56,2,0.1961522273834271,-0.17080225284497297,-0.07402013635707368,-0.04403168670809994,-0.014724136605551625
27,2282747,2021-07-01,2021-09-30,90,neighborhood,1,179158,f,"Virginia Beach, VA - Lago Mar",Virginia Beach,Virginia,VA,Single Family Residential,6,635000.0,0.0031595576619274,0.1656723267553923,624750.0,0.0084745762711864,-0.06397412837975,209.1926929876252,-0.0237674327244156,0.1926797598094156,207.85396759758385,-0.0106151142355008,0.0891690714896731,25.0,0.0869565217391303,0.25,3.0,0.5,2.0,11.0,-0.3125,0.8333333333333331,1.0,-0.8,-0.75,,,,12.0,0.0,-15.0,1.0130182903536442,0.0008255816395092,0.0090197053470792,0.52,0.0417391304347826,0.27,,,,0.3333333333333333,-0.1666666666666666,-0.6666666666666667,"Virginia Beach, VA",47260,2022-01-09 14:29:56,0,-0.31282689131330155,0.3557735247759672,-0.21914051538169232,-0.0024200328796933025,0.08805899024601181
28,2344909,2021-07-01,2021-09-30,90,neighborhood,1,57609,f,"Suffolk, VA - Chuckatuck",Suffolk,Virginia,VA,Single Family Residential,6,341000.0,-0.0529093181502568,0.0333333333333334,338587.5,0.0260227272727273,-0.0034656306564831,159.9587765957447,-0.0016265927918981,0.1339934697948328,164.01263297872342,0.0349106068824041,0.1371542553191489,123.0,-0.0955882352941176,0.0165289256198346,45.0,0.7307692307692307,0.6666666666666667,102.0,-0.0973451327433628,-0.0892857142857143,38.0,-0.2549019607843137,-0.2692307692307693,,,,26.0,2.0,-6.5,1.021126909962589,-0.0042933525983297,0.0218685934373236,0.6260162601626016,-0.0504543280726925,0.2458509709064032,,,,0.3555555555555556,0.1247863247863248,-0.1629629629629629,"Virginia Beach, VA",47260,2022-01-09 14:29:56,2,0.35669934990465746,-0.09072685320006163,0.07801167189337588,0.09488407868255096,-0.18717818832616545
29,2455303,2021-07-01,2021-09-30,90,neighborhood,1,181731,f,"Hampton, VA - Hampton Roads Center",Hampton,Virginia,VA,Single Family Residential,6,264900.0,-0.0097196261682243,0.1467532467532468,264900.0,-0.000377358490566,0.0878850102669404,159.37687237866987,0.0108796824190482,0.1377998191384222,156.4625850340136,0.0167260224792902,0.1354145017090049,67.0,0.046875,0.5227272727272727,22.0,-0.0434782608695651,1.75,69.0,-0.0799999999999999,1.0294117647058822,12.0,-0.3684210526315789,0.5,,,,15.5,1.5,-4.0,1.0241169203617193,-0.0062308341366212,0.0277747660112065,0.746268656716418,-0.003731343283582,0.3599050203527816,,,,0.3636363636363637,-0.0276679841897233,0.1136363636363636,"Virginia Beach, VA",47260,2022-01-09 14:29:56,0,-0.35677169272886067,0.5358000345668695,-0.14952679414669431,0.13842278145685605,-0.09147383855219492
30,2466997,2021-07-01,2021-09-30,90,neighborhood,1,181248,f,"Virginia Beach, VA - Kempsville",Virginia Beach,Virginia,VA,Single Family Residential,6,345000.0,-0.0142857142857142,0.078125,335000.0,0.0,0.0634920634920634,182.97029702970295,0.0056418097505954,0.1339004322967507,179.4228449520609,0.0003822883355675,0.0910639182154577,425.0,-0.0576496674057649,-0.031890660592255,129.0,-0.0851063829787234,0.032,424.0,-0.0660792951541849,0.0417690417690417,105.0,-0.1732283464566929,-0.1322314049586776,,,,17.0,2.0,-4.0,1.023129722734966,-0.0035707060603749,0.0215095144865413,0.6964705882352941,-0.0019773053345507,0.2431676269596676,,,,0.4418604651162791,0.0021441530595414,0.017860465116279,"Virginia Beach, VA",47260,2022-01-09 14:29:56,2,0.04898966645193382,-0.14692833648696385,-0.04526557374716966,0.016753140865390724,-0.05630747091381419
31,2646142,2021-07-01,2021-09-30,90,neighborhood,1,87371,f,"Richmond, VA - Huguenot",Richmond,Virginia,VA,Single Family Residential,6,391000.0,-0.022377797224653,0.1014084507042254,399950.0,0.0281491002570695,0.1602843051929214,182.53047011027283,-0.007323202470915,0.1165704042087132,173.48927875243663,0.0381556695296969,0.0462604663113885,71.0,-0.0533333333333333,0.1269841269841269,18.0,-0.0526315789473684,-0.3076923076923077,51.0,-0.2608695652173913,-0.15,15.0,-0.25,0.1538461538461537,,,,8.0,-1.0,2.0,1.0484038192350698,-0.0169279398186052,0.024610874522952,0.6619718309859155,-0.0846948356807512,0.1064162754303599,,,,0.5555555555555556,-0.2339181286549707,-0.2136752136752136,"Richmond, VA",40060,2022-01-09 14:29:56,1,-0.34508725047281613,-0.40956726719189007,0.0534848504477531,0.060647668467233316,-0.11584910874923536
32,2832597,2021-07-01,2021-09-30,90,neighborhood,1,59094,f,"Portsmouth, VA - Cavalier Manor",Portsmouth,Virginia,VA,Single Family Residential,6,181000.0,0.0,0.0055583487731909,185000.0,0.0,0.0457885811192764,157.03703703703704,0.0001763668430334,0.2065650500548446,151.85185185185185,0.0104319820765945,0.0984011639570836,25.0,-0.1379310344827586,-0.3055555555555556,8.0,-0.1111111111111111,-0.2,39.0,0.21875,0.2580645161290322,23.0,0.5333333333333334,0.6428571428571428,,,,23.0,-4.0,-1.5,1.0134107590984676,0.0093555313906363,0.0009050577655613,0.52,0.0717241379310344,0.1866666666666667,,,,0.375,0.0416666666666666,-0.025,"Virginia Beach, VA",47260,2022-01-09 14:29:56,2,0.3295706235607627,-0.0211945918080035,-0.2666151434505518,0.018176702248098815,-0.12190517592121045
33,2836519,2021-07-01,2021-09-30,90,neighborhood,1,180643,f,"Virginia Beach, VA - Red Mill Farm",Virginia Beach,Virginia,VA,Single Family Residential,6,435675.0,0.0864713216957606,0.2628260869565217,402400.0,0.0011195422316208,0.118088357877188,210.112062875515,-0.0159751721996714,0.1020525664062221,213.88888888888889,0.0,0.096898839137645,20.0,-0.2592592592592593,-0.1304347826086956,7.0,0.3999999999999999,0.1666666666666667,20.0,0.0,-0.0476190476190476,6.0,-0.1428571428571429,0.5,,,,20.0,6.0,1.0,1.026639817920172,-0.0043316780978612,0.0184321572755175,0.7,-0.1148148148148148,0.1347826086956521,,,,0.4285714285714285,0.0285714285714285,0.2619047619047618,"Virginia Beach, VA",47260,2022-01-09 14:29:56,2,0.043017849458590426,-0.08740998566339125,0.1535459811982417,-0.34322612986089523,-0.10856569730626098
34,2856510,2021-07-01,2021-09-30,90,neighborhood,1,402179,f,"Norfolk, VA - Ingleside",Norfolk,Virginia,VA,Single Family Residential,6,257500.0,-0.0852575488454706,0.0957446808510638,244950.0,0.020837674515524,-0.0894052044609665,156.6917464660283,-0.016457960644007,0.1214652139925738,158.0033494959806,0.0048424615346469,0.144508225469456,20.0,-0.0476190476190476,0.3333333333333333,5.0,0.0,0.6666666666666667,16.0,-0.1111111111111111,-0.0588235294117647,9.0,0.0,0.0,,,,22.0,-1.0,2.0,1.021039444425602,0.0018652283561935,0.0213244665653569,0.65,0.1261904761904762,0.45,,,,0.4,0.0,0.0666666666666667,"Virginia Beach, VA",47260,2022-01-09 14:29:56,2,0.13044754993993637,-0.017918793583132663,0.22130271946723312,0.12538554441545915,-0.08277939583178057
35,3010425,2021-07-01,2021-09-30,90,neighborhood,1,180352,f,"Ashburn, VA - Ashburn Village",Ashburn,Virginia,VA,Single Family Residential,6,782000.0,-0.0224999999999999,0.1349782293178518,750000.0,0.0,0.1045655375552283,223.59913793103448,0.0055345847786165,0.1142429768507356,215.6789387527172,-0.0017312459863249,0.1273785894241903,37.0,-0.0512820512820513,0.608695652173913,6.0,-0.7,0.2,36.0,-0.0526315789473684,0.7142857142857142,5.0,0.6666666666666667,0.0,,,,15.0,-1.0,-5.5,1.0243352561232577,-0.0038084249121197,0.0093904069381396,0.6756756756756757,0.009009009009009,0.0235017626321973,,,,0.5,0.2,0.3,"Washington, DC",47894,2022-01-09 14:29:56,0,-0.3214513794181882,0.37462883315778056,-0.0012207948223922373,0.1914478344231219,-0.046641805355193924
36,3037315,2021-07-01,2021-09-30,90,neighborhood,1,181303,f,"Virginia Beach, VA - Landstown Meadows",Virginia Beach,Virginia,VA,Single Family Residential,6,355000.0,0.0,0.0841349824400672,349900.0,-0.0073758865248226,0.0687232742822236,195.1340615690169,-0.0258311853956743,0.1571217908526445,195.54753309265945,0.0064797433028354,0.1527061411225316,23.0,0.0,0.4375,5.0,-0.375,1.5,15.0,-0.375,-0.0625,3.0,-0.25,0.0,,,,15.0,2.0,1.0,1.0181376244265403,-0.0017484294846217,0.0125951889342028,0.608695652173913,0.0869565217391305,0.108695652173913,,,,0.4,0.15,-0.0999999999999999,"Virginia Beach, VA",47260,2022-01-09 14:29:56,1,-0.06821117630146828,-0.09269730786674725,0.18263875853200828,0.19967927303640212,0.07760529482559339
37,3055687,2021-07-01,2021-09-30,90,neighborhood,1,549675,f,"Newport News, VA - South Newport News",Newport News,Virginia,VA,Single Family Residential,6,208000.0,0.04,0.127371273712737,205000.0,0.0249999999999999,0.1473345459633412,141.04372355430186,-0.0019517610534748,0.1046817844074428,137.01876872575278,-0.0159561155150481,0.0841264393821066,201.0,0.0151515151515151,0.348993288590604,70.0,-0.0410958904109589,0.5555555555555556,236.0,-0.0522088353413654,0.4390243902439024,106.0,-0.0782608695652173,0.2183908045977012,,,,22.0,1.5,-7.5,1.0098108957359897,0.0058953158872576,0.0110379614013893,0.4925373134328358,0.0076888285843509,0.1032755684663928,,,,0.3,-0.0013698630136986,-0.1444444444444444,"Virginia Beach, VA",47260,2022-01-09 14:29:56,0,0.06629500238891194,0.3059635885165735,0.04727189454246501,0.08078464301975731,-0.015068031947600305
38,3058926,2021-07-01,2021-09-30,90,neighborhood,1,15474,f,"Dale City, VA - Ridgedale",Dale City,Virginia,VA,Single Family Residential,6,467750.0,-0.003196590303676,0.1841772151898735,428999.5,-0.0465618402044671,0.1409561170212765,222.93746980190048,-0.0149536594347299,0.1995589863067406,219.41465707181985,0.0,0.1198924096945686,20.0,-0.0909090909090909,0.0526315789473683,8.0,0.1428571428571428,0.3333333333333333,20.0,-0.0909090909090909,0.5384615384615385,1.0,-0.6666666666666667,0.0,,,,6.0,0.0,-22.5,1.0285024780176488,-0.0004401221524477,0.0193843680995589,0.6,-0.0818181818181817,0.1789473684210526,,,,0.625,-0.0892857142857143,-0.0416666666666666,"Washington, DC",47894,2022-01-09 14:29:56,1,-0.4710673392268731,0.019688842924170363,-0.21764355127131108,-0.10371367394846659,0.058085167465730614
39,3083912,2021-07-01,2021-09-30,90,neighborhood,1,180543,f,"Virginia Beach, VA - Bayside",Virginia Beach,Virginia,VA,Single Family Residential,6,335000.0,0.0276073619631902,0.098360655737705,326500.0,0.0046153846153846,0.1262504311831667,196.7891483516484,0.0075604395604396,0.1598587186324851,193.47541648238243,0.0019262639266233,0.117947713641437,226.0,0.0319634703196347,0.107843137254902,60.0,-0.25,-0.2105263157894736,230.0,-0.0612244897959183,0.0454545454545454,69.0,0.0615384615384615,-0.2068965517241379,,,,17.0,1.0,-8.5,1.0155479760911428,-0.0036704259669273,0.0241297258469278,0.5619469026548672,-0.1092859740574615,0.2678292555960437,,,,0.4833333333333333,0.0458333333333333,0.0885964912280701,"Virginia Beach, VA",47260,2022-01-09 14:29:56,2,0.04375145607032492,-0.07386000381539738,0.026304129403835794,0.03804753438065342,0.034646324620390176
40,3092847,2021-07-01,2021-09-30,90,neighborhood,1,761444,f,"Newport News, VA - North Newport News",Newport News,Virginia,VA,Single Family Residential,6,248250.0,0.028574269691552,0.1085063630274614,253500.0,0.0562499999999999,0.1522727272727273,154.19318418347075,0.0131165035373566,0.1482420594040112,153.03609582338188,0.0100382324343204,0.1053621626267855,204.0,-0.0097087378640776,0.2592592592592593,50.0,-0.2424242424242424,0.3888888888888888,184.0,-0.152073732718894,0.1219512195121952,57.0,-0.1492537313432835,-0.0952380952380952,,,,18.5,2.5,-4.0,1.0167467234098313,-0.0067979842608123,0.0244032537267228,0.6176470588235294,-0.0279840091376356,0.2596223674655048,,,,0.34,-0.1145454545454545,-0.0488888888888888,"Virginia Beach, VA",47260,2022-01-09 14:29:56,2,0.025753328033256664,0.02942251479388736,0.0879907669856921,0.08076133568850494,0.000704678605295706
41,3133116,2021-07-01,2021-09-30,90,neighborhood,1,180251,f,"Richmond, VA - South Richmond",Richmond,Virginia,VA,Single Family Residential,6,207500.0,0.0375,0.2691131498470949,196500.0,-0.0012706480304955,0.1703394877903514,152.45158632056038,-0.0179576981183903,0.2625045001121091,153.16866267465068,0.0001501689225449,0.2580876415108715,95.0,-0.0404040404040404,0.7592592592592593,22.0,-0.2413793103448276,0.0,78.0,-0.1702127659574468,0.1641791044776119,18.0,-0.1818181818181817,0.2857142857142858,,,,7.0,0.0,2.0,1.0247426216076987,0.0068017761349172,0.0002675241348908,0.6842105263157895,0.0377458798511429,0.2212475633528265,,,,0.5,-0.1551724137931034,-0.3181818181818182,"Richmond, VA",40060,2022-01-09 14:29:56,1,-0.5561430324356726,0.07266463234288364,0.3282365276142109,0.03394767402286429,0.18759248209231985
42,3208494,2021-07-01,2021-09-30,90,neighborhood,1,402237,f,"Norfolk, VA - Oakdale Farms-Denby Park",Norfolk,Virginia,VA,Single Family Residential,6,227500.0,0.0655737704918033,0.002202643171806,214000.0,-0.1247443762781186,0.2235563178959405,164.13026819923374,-0.0189571212874958,0.1585336728552617,172.72727272727272,0.0003855262433221,0.1661707988980714,22.0,-0.2142857142857143,-0.1538461538461538,4.0,-0.5555555555555556,-0.3333333333333333,29.0,-0.0333333333333333,0.2608695652173913,13.0,0.1818181818181818,0.625,,,,14.0,-2.5,-5.0,1.0057607029069684,0.0009764425345557,0.0012584352594728,0.4545454545454545,-0.1525974025974025,0.1083916083916084,,,,0.5,-0.0555555555555555,0.0,"Virginia Beach, VA",47260,2022-01-09 14:29:56,2,0.08157591292783911,-0.08987743220968704,-0.3044201962078943,0.10066688667732673,0.12684794479443953
43,3313141,2021-07-01,2021-09-30,90,neighborhood,1,206344,f,"Garrisonville, VA - Park Ridge",Garrisonville,Virginia,VA,Single Family Residential,6,465000.0,0.0,0.2015503875968991,475000.0,0.0106382978723404,0.2179487179487178,165.81622309800682,0.0013160310950603,0.1863744063098584,162.22677595628411,0.0027048145699344,0.1891359981612208,30.0,-0.0909090909090909,0.0714285714285714,7.0,-0.3636363636363637,1.3333333333333337,23.0,-0.1153846153846154,0.3529411764705883,3.0,-0.25,-0.4,,,,11.5,1.0,6.5,1.0161794109914264,-0.0126003774240541,0.0057444887850071,0.7,-0.0272727272727273,0.0214285714285713,,,,0.5714285714285714,0.0259740259740259,0.2380952380952381,"Washington, DC",47894,2022-01-09 14:29:56,1,-0.2308651039859948,0.05476491388322759,-0.0733408738127388,-0.1393763460234067,0.10991070995519589
44,3408975,2021-07-01,2021-09-30,90,neighborhood,1,402154,f,"Poquoson, VA - Western Poquoson",Poquoson,Virginia,VA,Single Family Residential,6,439900.0,-0.0103487064116984,0.0230232558139535,525000.0,0.105379513633014,0.0948905109489051,179.58030669895078,0.0069083529553184,0.1234508408616186,186.79950186799505,-0.0043979987088443,0.082901133277991,25.0,0.0416666666666667,-0.1379310344827586,2.0,-0.8333333333333333,-0.7777777777777779,21.0,-0.125,-0.0869565217391305,9.0,0.2857142857142858,-0.3076923076923077,,,,17.0,-2.0,-66.0,0.9889505251539252,-0.009017282331183,0.0176497267647265,0.32,-0.0549999999999999,0.2510344827586207,,,,0.5,0.1666666666666666,0.3888888888888889,"Virginia Beach, VA",47260,2022-01-09 14:29:56,2,0.3042550177137344,-0.16275368039746627,-0.12297243412791012,0.060157213286785215,0.28679338386373593
45,3419926,2021-07-01,2021-09-30,90,neighborhood,1,181350,f,"Norfolk, VA - Wards Corner",Norfolk,Virginia,VA,Single Family Residential,6,268000.0,0.0113207547169811,0.2181818181818182,239500.0,-0.0606001176701314,-0.0020833333333333,175.0678864818099,-0.0196198357018648,0.1678579262773898,153.9657612794578,-0.0007622092963188,0.0663269346018624,22.0,-0.1851851851851852,-0.1851851851851852,10.0,0.1111111111111111,0.0,26.0,-0.1612903225806451,-0.1034482758620689,9.0,-0.3076923076923077,0.0,,,,28.0,7.0,7.0,1.0002006307077267,-0.0233907751179338,0.0070161738760439,0.4545454545454545,-0.101010101010101,0.1582491582491582,,,,0.3,-0.3666666666666665,0.0999999999999999,"Virginia Beach, VA",47260,2022-01-09 14:29:56,2,0.4537758002739093,0.04680791822756215,0.1685757910044725,-0.30908369646785605,0.011084667499392785
46,3444694,2021-07-01,2021-09-30,90,neighborhood,1,179568,f,"Hampton, VA - Downtown Hampton",Hampton,Virginia,VA,Single Family Residential,6,196500.0,-0.1068181818181818,0.0076923076923076,230000.0,0.0337078651685394,0.069767441860465,138.89301328054114,-0.0431421454507434,0.1649091436432481,139.1304347826087,-0.0051996454237281,0.1638147431352634,48.0,-0.1578947368421053,-0.0588235294117647,15.0,0.6666666666666667,-0.0625,55.0,-0.0833333333333333,-0.1666666666666666,27.0,0.08,-0.2285714285714285,,,,16.0,1.0,-32.0,1.002415165795974,-0.001766769417921,0.0038889246074448,0.3541666666666667,-0.0493421052631578,-0.0183823529411764,,,,0.3333333333333333,0.0,-0.1666666666666666,"Virginia Beach, VA",47260,2022-01-09 14:29:56,2,0.21549392386477187,-0.25150401018553314,-0.06841733217062561,0.12183876712056627,0.17933975105380634
47,3492436,2021-07-01,2021-09-30,90,neighborhood,1,2413,f,"Alexandria, VA - Seminary Hill",Alexandria,Virginia,VA,Single Family Residential,6,840000.0,-0.1016042780748662,0.1506849315068492,727500.0,-0.1779661016949152,-0.2421440811713171,303.28559393428816,-0.0102601426790154,0.0152336587541501,342.44421865802224,0.0722439801423206,0.1455624506483677,21.0,-0.125,0.3999999999999999,12.0,1.4,0.0,24.0,-0.2258064516129032,-0.0769230769230768,10.0,-0.4117647058823529,0.25,,,,26.5,17.5,-5.5,0.9993103235404346,-0.0205696415505256,-0.0112894888817811,0.3333333333333333,-0.3750000000000001,-0.2666666666666666,,,,0.3333333333333333,-0.0666666666666667,0.1666666666666666,"Washington, DC",47894,2022-01-09 14:29:56,2,0.32353283243091874,0.15502780694911272,0.33526972678079836,0.047125693020904046,0.07514980833337725
48,3508276,2021-07-01,2021-09-30,90,neighborhood,1,58343,f,"Portsmouth, VA - Port Norfolk",Portsmouth,Virginia,VA,Single Family Residential,6,227000.0,0.1761658031088082,0.0939759036144578,225000.0,-0.0278677900194426,0.1691348402182384,138.68701725388436,0.0595688118196766,0.2229510306923745,134.8148148148148,0.0094254712927797,0.1486917179533378,32.0,0.1851851851851851,0.2307692307692308,9.0,0.125,0.8,37.0,-0.119047619047619,1.0555555555555554,17.0,-0.0555555555555555,1.125,,,,20.5,-1.5,-4.5,1.009681097754168,0.0108099834693653,0.0101425811114663,0.5,-0.0555555555555555,0.1153846153846153,,,,0.2222222222222222,-0.1527777777777778,0.0222222222222222,"Virginia Beach, VA",47260,2022-01-09 14:29:56,0,-0.04634815925715345,0.553335975821199,-0.28911137109716994,0.09768575719079685,-0.06585882560518481
49,3602114,2021-07-01,2021-09-30,90,neighborhood,1,62718,f,"Stafford Courthouse, VA - Austin Ridge",Stafford Courthouse,Virginia,VA,Single Family Residential,6,567500.5,-0.0734685714285714,0.1701041237113403,549950.0,-0.0090990990990991,0.1110101010101009,153.40683972030536,-0.0202913329565337,0.085551080247604,152.51317370647206,0.0222742211077895,0.0906964204221965,20.0,-0.0909090909090909,-0.0476190476190476,3.0,-0.7272727272727274,-0.4,14.0,-0.3,-0.0666666666666666,3.0,0.0,0.5,,,,7.0,0.0,-7.0,1.020602264876468,-0.0139271847321196,0.0115664215929272,0.6,-0.1727272727272727,0.1238095238095238,,,,0.0,-0.4545454545454545,-0.6,"Washington, DC",47894,2022-01-09 14:29:56,1,-0.25268803792092587,-0.29754359419307996,-0.028657111397616605,-0.12955688247095262,0.1755506625318175
50,3696190,2021-07-01,2021-09-30,90,neighborhood,1,766934,f,"Suffolk, VA - Whaleyville",Suffolk,Virginia,VA,Single Family Residential,6,250000.0,-0.0310453083213828,0.1111111111111111,373950.0,0.1815165876777252,0.2101941747572815,152.39285714285714,-0.0217735091824583,0.1779158040027604,180.04113999523014,0.0289902625196221,0.22120212564286,49.0,-0.234375,-0.1403508771929824,21.0,0.6153846153846154,1.3333333333333337,75.0,0.0714285714285714,0.3636363636363635,48.0,-0.0943396226415094,-0.0769230769230768,,,,30.5,-4.0,-37.5,0.996814783335464,-0.0073127417033362,0.0211827038863878,0.4897959183673469,-0.072704081632653,0.2441818832796276,,,,0.1904761904761904,-0.2710622710622711,-0.2539682539682539,"Virginia Beach, VA",47260,2022-01-09 14:29:56,2,0.5048606307806749,0.29797399115657924,-0.07628880036557151,-0.1093370985902524,-0.06611103487640493
51,3781777,2021-07-01,2021-09-30,90,neighborhood,1,60341,f,"Hampton, VA - Buckroe Beach",Hampton,Virginia,VA,Single Family Residential,6,214500.0,-0.0205479452054794,0.2152974504249292,215000.0,0.036144578313253,0.131578947368421,149.7426761678543,-0.0334366821813265,0.1249418547110055,154.12490362374712,-0.0154759008064822,0.153885061208671,100.0,0.098901098901099,0.2658227848101267,34.0,0.0625,0.6190476190476191,113.0,-0.0258620689655172,0.4303797468354431,41.0,-0.1458333333333333,0.0512820512820513,,,,21.0,2.0,-4.0,1.0163129291593669,-0.0080494387378851,0.0138094161424038,0.53,-0.0414285714285713,0.0236708860759493,,,,0.4411764705882353,0.1286764705882352,-0.0350140056022408,"Virginia Beach, VA",47260,2022-01-09 14:29:56,0,-0.02857472776653925,0.29207170261709464,0.0918007826026458,-0.09984403741254984,-0.05211602733441132
52,3840695,2021-07-01,2021-09-30,90,neighborhood,1,556140,f,"Virginia Beach, VA - Aragona Village",Virginia Beach,Virginia,VA,Single Family Residential,6,280000.0,0.0370370370370369,0.1200000000000001,275000.0,-0.0178571428571429,0.0826771653543307,203.63636363636363,0.0343434343434343,0.1661994393271926,206.896551724138,0.0123129466325795,0.154738256949483,45.0,-0.1176470588235294,0.0465116279069768,12.0,-0.3333333333333333,-0.3333333333333333,61.0,0.0166666666666666,0.0,25.0,0.3157894736842107,0.0416666666666667,,,,18.0,3.0,-0.5,1.0138796475605258,-0.0080709143941273,0.0066567060413282,0.5777777777777777,-0.1869281045751634,0.1359173126614986,,,,0.6666666666666666,0.3333333333333333,0.2777777777777777,"Virginia Beach, VA",47260,2022-01-09 14:29:56,2,0.08976661101581679,-0.08215933761476514,0.046597470920473116,-0.02628374589274156,0.0381392212199229
53,3864966,2021-07-01,2021-09-30,90,neighborhood,1,57759,f,"Norfolk, VA - Northside",Norfolk,Virginia,VA,Single Family Residential,6,265000.0,-0.0535714285714286,0.1521739130434782,255000.0,-0.0192307692307692,0.0851063829787233,167.6090468497577,0.0,0.1507094232525538,165.64104500151012,0.0003419972640219,0.1116174852698364,67.0,0.1355932203389831,0.4888888888888889,27.0,0.125,1.7000000000000002,72.0,-0.04,0.5652173913043479,19.0,-0.3666666666666667,-0.05,,,,20.0,0.5,-3.0,1.0181796423397598,0.0055950878377519,0.0211207520131598,0.5074626865671642,-0.0518593473311408,0.1519071310116086,,,,0.4814814814814815,0.0648148148148147,-0.0185185185185185,"Virginia Beach, VA",47260,2022-01-09 14:29:56,0,-0.10340123786053845,0.36650698652915303,0.0680792018078784,0.10187513343479233,-0.06293630266908148
54,3917427,2021-07-01,2021-09-30,90,neighborhood,1,87310,f,"Richmond, VA - Fulton Hill",Richmond,Virginia,VA,Single Family Residential,6,240000.0,0.0,0.1428571428571428,209500.0,-0.0684748777234326,-0.0562000225250591,175.91339648173206,-0.0300618217517048,0.1090920806753013,165.74367088607596,-0.0305836849507734,0.124760175644021,21.0,0.0,0.0,7.0,-0.3636363636363637,0.1666666666666667,25.0,0.0869565217391303,0.25,5.0,0.25,1.5,,,,6.0,-1.0,0.0,1.0654106280925508,-0.0188019270623192,0.0688997206742328,0.7619047619047618,-0.0476190476190476,0.4285714285714285,,,,0.7142857142857143,0.1688311688311689,0.0476190476190476,"Richmond, VA",40060,2022-01-09 14:29:56,1,-0.5418309378139371,-0.27514252105405074,-0.13325302976671954,-0.05207344946919249,-0.2526966696339752
55,3950111,2021-07-01,2021-09-30,90,neighborhood,1,403447,f,"Chesapeake, VA - Greenbrier",Chesapeake,Virginia,VA,Single Family Residential,6,420000.0,0.0,0.1506849315068492,419900.0,0.0021479713603818,0.1200320085356094,176.52510953825413,0.0180492884415133,0.1087890252841206,180.26315789473685,0.0336526946107784,0.1099179465890256,122.0,-0.1094890510948904,-0.1285714285714285,43.0,0.0749999999999999,0.0238095238095237,135.0,0.0465116279069768,0.1065573770491803,43.0,0.1025641025641026,0.0238095238095237,,,,21.0,3.0,-7.5,1.0167856859994306,-0.0074351704267516,0.0165153843060668,0.6557377049180328,-0.0230944118702883,0.2914519906323185,,,,0.5116279069767442,0.2866279069767442,0.0116279069767442,"Virginia Beach, VA",47260,2022-01-09 14:29:56,2,0.15865493597865168,-0.01868606033521226,-0.010696556512508898,-0.15375595455500582,-0.06372872261884592
56,3966032,2021-07-01,2021-09-30,90,neighborhood,1,180095,f,"Virginia Beach, VA - Ocean Lakes",Virginia Beach,Virginia,VA,Single Family Residential,6,365500.0,0.0,0.1566455696202531,350000.0,0.0,0.1666666666666667,221.19399090434652,0.015890855970613,0.1807615637129458,231.77998677566967,0.0374821061437164,0.2235770449652763,56.0,0.2173913043478261,0.0769230769230768,17.0,-0.0555555555555555,0.7,56.0,0.0,0.1914893617021276,17.0,-0.0555555555555555,-0.0555555555555555,,,,20.0,1.0,-1.0,1.025570878961418,-0.0057024389566537,0.0241841124727351,0.625,-0.0271739130434782,0.2596153846153846,,,,0.2352941176470588,-0.3202614379084968,0.0352941176470588,"Virginia Beach, VA",47260,2022-01-09 14:29:56,2,0.020444530827335574,0.03964195053281717,0.048612464710348885,-0.07599190900536085,-0.12786089987523824
57,4080758,2021-07-01,2021-09-30,90,neighborhood,1,181462,f,"Chesapeake, VA - Washington",Chesapeake,Virginia,VA,Single Family Residential,6,337000.0,-0.0088235294117646,0.1423728813559321,335000.0,0.0151515151515151,0.1166666666666667,170.70979335130278,-0.0021892360452021,0.1084401228160645,171.38091256569518,0.0217388648186738,0.0779405548746778,319.0,-0.1014084507042253,-0.0617647058823529,95.0,-0.128440366972477,0.0555555555555555,333.0,-0.0851648351648351,0.1643356643356643,113.0,-0.0258620689655172,0.2555555555555555,,,,19.0,2.0,-5.0,1.0181200514791393,-0.0041924591573527,0.0166236532312769,0.6614420062695925,-0.0089805289416751,0.2996773003872395,,,,0.3789473684210526,0.0028005794302269,-0.087719298245614,"Virginia Beach, VA",47260,2022-01-09 14:29:56,2,0.07425087991574175,-0.008743038353789123,-0.031776328716526955,-0.10799913710848622,-0.04439982579760716
58,4300888,2021-07-01,2021-09-30,90,neighborhood,1,180606,f,"Virginia Beach, VA - Pungo-Blackwater",Virginia Beach,Virginia,VA,Single Family Residential,6,545000.0,0.0046082949308756,-0.0521739130434782,627900.0,0.029513034923758,0.1177570093457944,211.3636363636364,-0.0072204632940801,0.1400770750988142,223.58552309070996,0.0550567887441599,0.0358653733351919,23.0,0.0454545454545454,-0.2068965517241379,2.0,-0.6666666666666667,-0.3333333333333333,18.0,-0.28,-0.1818181818181817,11.0,0.0,-0.3125,,,,35.5,15.5,-31.5,0.9934781948209156,-0.0087024172536016,0.018522007348243,0.391304347826087,-0.0632411067193675,0.287856071964018,,,,0.0,-0.5,-0.3333333333333333,"Virginia Beach, VA",47260,2022-01-09 14:29:56,2,0.7661944859921458,-0.07701955792062115,-0.03315127594564898,0.13405343840319806,-0.02346023232950528
59,4426487,2021-07-01,2021-09-30,90,neighborhood,1,549694,f,"Virginia Beach, VA - Salem",Virginia Beach,Virginia,VA,Single Family Residential,6,301000.0,-0.0131147540983606,-0.1695406262932818,312450.0,0.1158928571428572,-0.141148982957669,204.16666666666663,0.029987004548408,0.1500838130589476,201.91564958399437,-0.0024636626939257,0.1381866650851066,21.0,0.1052631578947369,-0.3,3.0,-0.6666666666666667,-0.5,16.0,-0.2380952380952381,-0.3846153846153845,3.0,0.5,-0.5714285714285714,,,,25.0,-1.0,1.5,1.011974253741018,-0.0020477151882385,0.0001443262088556,0.5238095238095238,-0.0551378446115288,-0.0428571428571428,,,,0.0,-0.5555555555555556,-0.8333333333333333,"Virginia Beach, VA",47260,2022-01-09 14:29:56,2,0.625826022221027,-0.42479224769806095,-0.14969844501176507,0.3083053270184046,-0.10629748452869048
60,4462132,2021-07-01,2021-09-30,90,neighborhood,1,555572,f,"Fredericksburg, VA - Lafayette Boulevard-South Route 1",Fredericksburg,Virginia,VA,Single Family Residential,6,377000.0,-0.0207792207792207,0.2977624784853701,342450.0,-0.1438749999999999,0.1046774193548387,185.1851851851852,0.0284432566574399,0.1773622623288417,180.49175376489097,0.0733242957218851,0.1856965427960637,21.0,0.1666666666666667,0.05,3.0,-0.25,-0.4,20.0,-0.2,0.5384615384615385,10.0,0.0,0.0,,,,18.0,2.5,-17.0,0.9982064431373074,-0.01997237981992,0.0086161240571812,0.4761904761904762,-0.134920634920635,0.2761904761904761,,,,0.0,-0.25,0.0,"Washington, DC",47894,2022-01-09 14:29:56,0,-0.04618922481859107,0.35375694970942,-0.017212188069741105,-0.32477765060104674,0.1732198301979914
61,4464188,2021-07-01,2021-09-30,90,neighborhood,1,65722,f,"Hampton, VA - Northampton",Hampton,Virginia,VA,Single Family Residential,6,260000.0,0.0655737704918033,0.1804767309875141,249450.0,0.0018072289156625,0.0893013100436681,154.63051199861388,-0.0231278765801852,0.1032757319022048,152.42903615845233,0.001745324516843,0.088778829703231,92.0,0.0337078651685394,0.1499999999999999,29.0,-0.0333333333333333,0.2608695652173913,106.0,0.0095238095238094,0.308641975308642,37.0,0.0571428571428571,0.48,,,,17.0,2.0,-3.0,1.0103716506252962,-0.0022804477595594,0.0058425846224881,0.6413043478260869,0.0457987298485588,0.1913043478260868,,,,0.5172413793103449,0.0505747126436781,0.0389805097451274,"Virginia Beach, VA",47260,2022-01-09 14:29:56,0,-0.04123289136564518,0.13896954391596628,0.010706501460877598,-0.08281650196222648,0.07754020389582479
62,4505357,2021-07-01,2021-09-30,90,neighborhood,1,65629,f,"Norfolk, VA - Norview",Norfolk,Virginia,VA,Single Family Residential,6,244950.0,0.0,0.1288018433179723,229900.0,-0.0519587628865979,0.0127753303964757,155.02614174958862,-0.0261807048640204,0.1550967424479152,155.31062124248496,-0.0093042071197411,0.1099704875718026,36.0,0.0588235294117647,0.3333333333333333,8.0,-0.4285714285714286,0.3333333333333333,31.0,-0.03125,0.2916666666666667,11.0,0.375,-0.0833333333333333,,,,20.0,0.5,-18.0,0.9765404423956204,-0.0221078826922791,-0.0147491008473698,0.4722222222222222,-0.1160130718954248,0.0277777777777777,,,,0.5,-0.1428571428571429,0.3333333333333333,"Virginia Beach, VA",47260,2022-01-09 14:29:56,0,0.20977307420234625,0.30165295866835523,0.049446018819402957,0.06846863085494406,0.3738598303658141
63,4522316,2021-07-01,2021-09-30,90,neighborhood,1,179517,f,"Newport News, VA - Central Newport News",Newport News,Virginia,VA,Single Family Residential,6,285000.0,-0.0172413793103448,0.0224215246636771,275000.0,-0.014336917562724,0.0377358490566037,158.22784810126586,0.0056854752199098,0.1279887482419131,158.81418740074113,0.0096877267733483,0.1157714704564891,297.0,-0.0601265822784809,-0.0198019801980198,85.0,-0.1145833333333333,0.2318840579710144,270.0,-0.1666666666666666,0.0384615384615385,95.0,-0.2016806722689075,-0.128440366972477,,,,19.0,1.0,-6.0,1.015354712118008,-0.0016474629846161,0.0162672439207717,0.5454545454545454,-0.0273302646720369,0.1989198919891989,,,,0.2823529411764705,-0.0926470588235294,-0.1234441602728048,"Virginia Beach, VA",47260,2022-01-09 14:29:56,2,0.17694717844322153,-0.12143315585746786,-0.07701415413515207,0.11146021823628827,-0.022133027168352755
64,4634934,2021-07-01,2021-09-30,90,neighborhood,1,764346,f,"Colonial Heights, VA - Fort Clifton",Colonial Heights,Virginia,VA,Single Family Residential,6,260000.0,-0.0334572490706319,-0.0019193857965451,262449.5,0.0098095421315891,-0.0722887946270767,140.8041576689053,-0.0276776628665923,0.2242547391527722,148.78833130849532,0.0284448674545365,0.1073556457330502,30.0,0.0344827586206897,1.5,3.0,-0.6666666666666667,-0.25,24.0,-0.1724137931034483,0.411764705882353,9.0,0.2857142857142858,-0.1818181818181817,,,,11.0,0.5,-9.5,1.019871262194636,-0.0086019450837941,0.0252291124561318,0.6666666666666666,-0.0229885057471265,0.2499999999999999,,,,0.3333333333333333,-0.2222222222222222,0.0833333333333333,"Richmond, VA",40060,2022-01-09 14:29:56,0,-0.3573028429584238,0.19737096994851985,0.12402674940570851,0.5921511119808394,0.10708949453532328
65,4635362,2021-07-01,2021-09-30,90,neighborhood,1,180422,f,"Norfolk, VA - Ballentine Place",Norfolk,Virginia,VA,Single Family Residential,6,239000.0,0.0622222222222221,0.1468330134357005,237450.0,0.0867276887871852,0.1585752622590876,155.18337707786526,0.0023435401256659,0.1918139302552688,151.7340801149856,0.0029373951206916,0.1248001428159764,24.0,0.0434782608695651,0.3333333333333333,6.0,-0.4545454545454546,0.5,28.0,0.0370370370370369,1.0,14.0,0.5555555555555556,1.7999999999999998,,,,14.5,-0.5,-21.0,1.0326779820279006,-0.0054446675135648,0.0399300857248037,0.5833333333333334,-0.0253623188405797,0.2500000000000001,,,,0.5,-0.0454545454545454,0.25,"Virginia Beach, VA",47260,2022-01-09 14:29:56,0,-0.38124197414113803,0.42945308741293153,-0.22304847557923158,0.06405050075920388,-0.1716775767902135
66,5083025,2021-07-01,2021-09-30,90,neighborhood,1,762890,f,"Suffolk, VA - Nansemond",Suffolk,Virginia,VA,Single Family Residential,6,377500.0,-0.006578947368421,0.0788796799085453,365000.0,0.0,0.0895522388059701,165.5059805190501,0.0060167443314809,0.1260536526425741,158.84819407212342,-0.0302736019427591,0.0444812760906747,84.0,-0.0769230769230768,0.2923076923076924,17.0,-0.2916666666666666,-0.0555555555555555,63.0,-0.125,-0.0307692307692307,20.0,0.1764705882352941,-0.3103448275862068,,,,22.0,2.0,-11.0,1.015618453108171,-0.0001824133834689,0.019013719342676,0.5833333333333334,-0.032051282051282,0.3217948717948719,,,,0.4705882352941176,0.0122549019607843,0.1928104575163398,"Virginia Beach, VA",47260,2022-01-09 14:29:56,2,0.17160483268053012,-0.005059127316770921,0.17134295665195598,0.13668010831828187,-0.036916207320366906
67,5135635,2021-07-01,2021-09-30,90,neighborhood,1,180343,f,"Virginia Beach, VA - Brigadoon",Virginia Beach,Virginia,VA,Single Family Residential,6,360000.0,0.0,0.0942249240121579,349999.0,-0.0139484434427383,0.0609245225826007,174.51584507042253,0.0171261742179005,0.0884696476732736,173.0599647266314,0.0084217285008292,0.0237350026082421,21.0,0.3999999999999999,0.1052631578947369,6.0,-0.4545454545454546,-0.1428571428571429,25.0,0.1363636363636364,0.3157894736842107,4.0,0.0,-0.2,,,,11.0,-2.0,-7.0,1.0345840268438795,-0.0007611817619759,0.044342977122049,0.8095238095238094,0.1428571428571429,0.493734335839599,,,,0.8333333333333333,0.106060606060606,0.4047619047619048,"Virginia Beach, VA",47260,2022-01-09 14:29:56,1,-0.2729737240848645,-0.0811407240328486,-0.13158086386223206,0.06066387873681079,-0.0819445716162936
68,5141717,2021-07-01,2021-09-30,90,neighborhood,1,497863,f,"South Riding, VA - Willowsford",South Riding,Virginia,VA,Single Family Residential,6,1208444.0,0.0070366666666665,0.3099663956639567,1126495.0,-0.0203539438212018,0.1870337197049525,241.49192162255076,0.0133626999072928,0.2755762711830141,240.38461538461536,0.0451828187921552,0.2766483516483518,36.0,-0.2340425531914893,-0.217391304347826,5.0,-0.375,-0.1666666666666666,26.0,-0.1612903225806451,-0.2571428571428571,10.0,0.4285714285714286,-0.4117647058823529,,,,8.0,3.0,-11.5,1.0368652587953175,-0.0047588962197369,0.0344604560558996,0.6388888888888888,-0.0419621749408983,0.2041062801932366,,,,0.4,-0.0999999999999999,-0.0999999999999999,"Washington, DC",47894,2022-01-09 14:29:56,1,-0.3134942537663251,-0.4081586156081351,0.12351093092321429,-0.4275275758465068,0.025320272258620352
69,5148511,2021-07-01,2021-09-30,90,neighborhood,1,181340,f,"Virginia Beach, VA - Bayfront",Virginia Beach,Virginia,VA,Single Family Residential,6,562000.0,0.1073891625615763,-0.1252918287937743,500000.0,-0.0176817288801571,-0.2591495036301675,286.82829742059965,0.0365694504562568,0.1904489109017,278.861684327942,-0.0019687087210498,0.1090396413745222,40.0,-0.2592592592592593,-0.2,6.0,-0.5,-0.5384615384615384,37.0,-0.2745098039215686,-0.2127659574468084,17.0,-0.15,-0.3703703703703704,,,,18.5,1.5,-24.5,1.006478730778312,0.0085024499064388,0.0202997585146873,0.525,0.099074074074074,0.385,,,,0.1666666666666666,-0.25,-0.4487179487179488,"Virginia Beach, VA",47260,2022-01-09 14:29:56,2,0.38671009231913567,-0.3607353513977936,-0.20593622067149367,0.286216122284643,0.06283518100152737
70,5209972,2021-07-01,2021-09-30,90,neighborhood,1,64406,f,"Portsmouth, VA - Westhaven",Portsmouth,Virginia,VA,Single Family Residential,6,220500.0,0.0,0.1759999999999999,230000.0,0.0050251256281406,0.2266666666666665,144.07150989261208,0.0497050022533067,0.1082423837893238,151.8,0.0697638542938348,0.1565714285714285,28.0,-0.125,1.1538461538461535,4.0,-0.5,-0.6,23.0,-0.1785714285714286,0.0952380952380953,7.0,0.1666666666666667,-0.125,,,,20.0,1.0,1.0,1.0184465223779329,0.0049293448308611,0.0404874025038124,0.6785714285714286,0.0223214285714286,0.3708791208791209,,,,0.0,-0.25,-0.5,"Virginia Beach, VA",47260,2022-01-09 14:29:56,0,-0.14085234722609719,0.26053245114322615,0.5083351066674547,0.2700793170214905,0.028521516801488345
71,5266171,2021-07-01,2021-09-30,90,neighborhood,1,56746,f,"Gainesville, VA - Heritage Hunt",Gainesville,Virginia,VA,Single Family Residential,6,640000.0,0.066844474079013,0.1689497716894976,649900.0,0.0610620906629311,0.1837887067395264,228.8961038961039,0.0019689428757607,0.3811053046406925,225.03238341968915,0.0003770627585051,0.1003877097494889,21.0,-0.2758620689655172,0.05,9.0,0.8,0.2857142857142858,25.0,0.25,0.1904761904761904,7.0,2.5,0.75,,,,8.0,0.0,-12.5,1.02164856777902,-0.0020514684284114,0.0131228822368665,0.5714285714285714,-0.0147783251231526,0.1214285714285714,,,,0.8888888888888888,0.2888888888888889,0.1746031746031745,"Washington, DC",47894,2022-01-09 14:29:56,1,-0.30110877268164393,-0.12422413191975215,-0.07891226632772598,-0.08696863143325469,0.12648934325291233
72,5434899,2021-07-01,2021-09-30,90,neighborhood,1,180054,f,"Virginia Beach, VA - Green Run",Virginia Beach,Virginia,VA,Single Family Residential,6,300000.0,0.0245341784601933,0.1194029850746267,288200.0,-0.0168855534709193,0.0875471698113208,181.6099476439791,-0.0393628695330264,0.0755266160083119,186.8677884615384,-0.0030394746966938,0.0737267069340159,45.0,-0.150943396226415,0.0975609756097561,17.0,0.2142857142857141,-0.1052631578947368,58.0,0.0,0.3181818181818181,23.0,-0.1153846153846154,0.6428571428571428,,,,22.0,1.0,-5.0,1.0225343657123314,-0.0089218682777301,0.021864816427157,0.6888888888888889,-0.0846960167714885,0.2986449864498645,,,,0.1176470588235294,0.0462184873949579,-0.0402476780185758,"Virginia Beach, VA",47260,2022-01-09 14:29:56,2,0.08561940661942598,0.1316755809660522,-0.010027971726602513,-0.007151379930819255,-0.15174930191856753
73,5530300,2021-07-01,2021-09-30,90,neighborhood,1,347586,f,"Norfolk, VA - North Chesapeake Boulevard",Norfolk,Virginia,VA,Single Family Residential,6,262000.0,-0.038532110091743,0.2076515326112007,249949.5,0.0001980792316926,0.0872096563723359,175.4874651810585,0.0580636787774779,0.1985367627608232,174.31467853647518,-0.0007174098555999,0.1864070467737648,39.0,-0.3275862068965517,-0.0714285714285714,10.0,-0.375,-0.2857142857142857,52.0,-0.037037037037037,0.1555555555555554,24.0,0.1428571428571428,1.4,,,,15.0,1.0,-7.0,1.0169968403776153,-0.0068189663985687,0.0220793577235073,0.6153846153846154,-0.0570291777188328,0.2582417582417583,,,,0.3,-0.1375,-0.2,"Virginia Beach, VA",47260,2022-01-09 14:29:56,1,-0.06928692377901512,-0.03554750456221789,-0.014099688260855026,-0.21604085110199125,0.05086172984284725
74,5569674,2021-07-01,2021-09-30,90,neighborhood,1,549693,f,"Virginia Beach, VA - Princess Ann Plaza",Virginia Beach,Virginia,VA,Single Family Residential,6,281000.0,0.0127950982158948,0.084942084942085,275000.0,0.0018214936247722,0.0912698412698411,186.6113744075829,0.0043974827130757,0.1068504954760878,186.50793650793648,0.0316713703355284,0.1142524725348415,73.0,0.1060606060606059,0.2372881355932204,26.0,0.04,0.4444444444444444,75.0,0.0273972602739727,0.2931034482758621,17.0,-0.15,-0.0555555555555555,,,,19.0,1.0,3.0,1.0133882159556271,-0.0017876181533211,0.0087696621932227,0.547945205479452,-0.1035699460356994,0.0903180868353842,,,,0.5,-0.06,-0.1666666666666666,"Virginia Beach, VA",47260,2022-01-09 14:29:56,2,0.04227547051889072,0.12084292888982044,-0.010242040391931684,0.11203197591540828,0.0014450005551406582
75,5614368,2021-07-01,2021-09-30,90,neighborhood,1,178986,f,"Norfolk, VA - Roosevelt Area",Norfolk,Virginia,VA,Single Family Residential,6,233750.0,-0.0240083507306889,0.1402439024390242,247000.0,0.0510638297872341,0.0739130434782608,175.9671465485419,-0.0283983624083571,0.0607400880719686,185.09990948217427,0.01909723748865,0.1612456002303654,26.0,0.0,0.1818181818181818,7.0,0.0,-0.125,30.0,0.2,0.3636363636363635,10.0,0.6666666666666667,1.5,,,,15.0,2.0,-15.5,1.028215885518024,-0.0078369679505456,0.0415725517043963,0.5769230769230769,-0.0769230769230769,0.3496503496503496,,,,0.7142857142857143,0.1428571428571429,0.4642857142857143,"Virginia Beach, VA",47260,2022-01-09 14:29:56,1,-0.18160531346913256,0.06804262256546399,-0.03900304715863756,0.005767969901086065,-0.07932059288322522
76,5696974,2021-07-01,2021-09-30,90,neighborhood,1,179345,f,"Virginia Beach, VA - Courthouse Estates",Virginia Beach,Virginia,VA,Single Family Residential,6,455000.0,0.0,0.1728315504575332,455000.0,0.0167597765363127,0.1376422052756594,196.064425180946,0.0056898933624225,0.1280421605066326,186.82842287694973,0.0065183030436177,0.1117491653340185,34.0,0.0625,0.3076923076923077,7.0,-0.5,-0.2222222222222222,31.0,-0.1388888888888888,0.1923076923076922,7.0,-0.125,0.0,,,,19.0,0.0,-3.0,1.0372379351745786,-0.0021130303933838,0.0332113169093766,0.7352941176470589,-0.0147058823529411,0.2737556561085973,,,,0.0,-0.4285714285714285,-0.1111111111111111,"Virginia Beach, VA",47260,2022-01-09 14:29:56,1,-0.12750241454147412,0.05564334105920497,0.16496050933423523,-0.005619269477544765,-0.2084316609321287
77,5757017,2021-07-01,2021-09-30,90,neighborhood,1,723027,f,"Hampton, VA - Farmington",Hampton,Virginia,VA,Single Family Residential,6,320000.0,0.0,0.1038289065194895,349950.0,0.0767692307692307,0.1723618090452261,156.79236210446106,0.0037882437843457,0.1206527775676744,149.49287282952727,-0.0248004808390124,0.1421292047983411,22.0,0.375,-0.12,7.0,0.1666666666666667,1.3333333333333337,16.0,-0.0588235294117647,0.0,4.0,-0.3333333333333333,0.0,,,,22.0,4.0,2.0,0.999877321746718,-0.006955383027824,-0.0008608425445389,0.5454545454545454,-0.0170454545454545,0.2654545454545453,,,,0.7142857142857143,0.3809523809523809,0.3809523809523809,"Virginia Beach, VA",47260,2022-01-09 14:29:56,2,0.3203080907687591,-0.029832147832097755,-0.013078447408082328,-0.0762757319459052,0.09366301724702439
78,5786866,2021-07-01,2021-09-30,90,neighborhood,1,64085,f,"Chesapeake, VA - South Norfolk",Chesapeake,Virginia,VA,Single Family Residential,6,227000.0,-0.0173160173160172,0.1381298571070444,229000.0,-0.0086580086580086,0.0904761904761903,151.0934393638171,0.0122919368663865,0.1336313192756624,153.18566176470586,0.0215473048873988,0.1335738970588236,113.0,0.0560747663551401,0.2840909090909092,32.0,-0.2727272727272727,0.0,135.0,0.062992125984252,0.2616822429906542,47.0,0.236842105263158,0.119047619047619,,,,17.0,-1.0,-2.0,1.0062650585984143,-0.0106491543348674,0.023272925376777,0.5132743362831858,-0.0194359440906458,0.2405470635559131,,,,0.5,0.1136363636363636,0.03125,"Virginia Beach, VA",47260,2022-01-09 14:29:56,0,-0.01473654063991224,0.13841553934077475,0.045125520028446914,0.042734426807416036,0.12642777744682623
79,5837172,2021-07-01,2021-09-30,90,neighborhood,1,179255,f,"Virginia Beach, VA - Oceanfront",Virginia Beach,Virginia,VA,Single Family Residential,6,731030.0,0.0041413981854769,0.0184313179158539,670000.0,0.0007468259895444,-0.0909090909090909,288.3823125514968,-0.03305808679564,0.051393847843999,311.7563065207044,0.0462584032238078,0.077175860171244,67.0,-0.0694444444444444,-0.1066666666666666,21.0,0.9090909090909092,-0.0454545454545454,57.0,-0.1363636363636363,-0.2083333333333333,35.0,-0.2391304347826086,-0.3518518518518518,,,,21.0,1.5,-52.5,0.9919217005289692,-0.0037413651496431,0.0193735883231632,0.2835820895522388,-0.0358623548922056,0.1902487562189054,,,,0.3333333333333333,-0.393939393939394,0.0151515151515151,"Virginia Beach, VA",47260,2022-01-09 14:29:56,2,0.4224747562912061,-0.17323494787854493,-0.020732958986910563,0.0728679013650071,0.19976700919615203
80,6033194,2021-07-01,2021-09-30,90,neighborhood,1,57878,f,"Chesapeake, VA - Deep Creek",Chesapeake,Virginia,VA,Single Family Residential,6,391000.0,-0.0223289075588227,0.1174621320377251,397000.0,0.0447368421052631,0.1723415973080437,179.22606924643588,0.0157583490785955,0.1363754519434923,179.0305584826133,0.0008573787278303,0.1116566111936872,301.0,0.0636042402826855,0.0203389830508473,86.0,-0.1809523809523809,-0.0337078651685393,289.0,-0.0940438871473354,-0.0136518771331057,85.0,-0.15,-0.0449438202247191,,,,17.0,1.0,-9.0,1.024988801919123,-0.0038171313956518,0.0220290227412698,0.6312292358803987,-0.0295481492786119,0.2413987274058224,,,,0.372093023255814,-0.0755260243632336,0.0013065064018813,"Virginia Beach, VA",47260,2022-01-09 14:29:56,2,0.01514430193130795,-0.1479485610661475,0.038206396911989245,-0.029064792714391333,-0.057947203817059624
81,6220973,2021-07-01,2021-09-30,90,neighborhood,1,180332,f,"Suffolk, VA - Sleepy Hole",Suffolk,Virginia,VA,Single Family Residential,6,420000.0,-0.004739336492891,0.2,439000.0,0.0453625431599,0.1402597402597403,166.78336996336995,0.0151547785103787,0.1457863788415332,177.97062750333782,0.0419428394668448,0.1853918477941487,110.0,0.0891089108910891,0.25,29.0,-0.2368421052631578,0.1599999999999999,117.0,-0.0714285714285714,0.56,52.0,-0.0714285714285714,0.0833333333333332,,,,23.5,2.5,-8.5,1.0199470524302463,-0.001194844277639,0.0260042454999149,0.7272727272727274,0.0342034203420342,0.4886363636363637,,,,0.4482758620689655,0.1061705989110707,-0.0717241379310344,"Virginia Beach, VA",47260,2022-01-09 14:29:56,0,0.011031661428338327,0.3740703841635969,0.04776719229080367,-0.08292536909981568,-0.15167146537889215
82,6272857,2021-07-01,2021-09-30,90,neighborhood,1,206426,f,"Garrisonville, VA - Hampton Oaks",Garrisonville,Virginia,VA,Single Family Residential,6,516250.0,-0.025943396226415,0.1699716713881018,500000.0,0.0,0.1494252873563217,168.66753585789775,0.0311558036125414,0.2380092027746068,151.96670557783082,-0.0707737497071032,0.1063176166066082,20.0,-0.0909090909090909,1.0,2.0,-0.7142857142857143,-0.6666666666666667,12.0,-0.4285714285714286,0.0909090909090908,2.0,0.0,1.0,,,,10.0,5.0,-13.5,1.0298592047121005,-0.0150545113587634,0.0236980074546251,0.75,-0.0681818181818182,0.15,,,,0.5,0.0714285714285714,-0.3333333333333333,"Washington, DC",47894,2022-01-09 14:29:56,1,-0.47492598705437433,0.06879251261867139,0.4066433812173113,0.2955109859950349,0.08932398876228463
83,6279509,2021-07-01,2021-09-30,90,neighborhood,1,87296,f,"Richmond, VA - Huguenot",Richmond,Virginia,VA,Single Family Residential,6,381500.0,0.0173333333333334,0.0345552293851649,392475.0,0.0608866062981483,0.0608866062981483,176.72388607014972,-0.0303056416103785,0.1258306158315267,167.72203972585405,0.0429421497642177,-0.0165758820887571,22.0,-0.0434782608695651,0.1,11.0,2.6666666666666665,1.2000000000000002,16.0,-0.2380952380952381,0.2307692307692308,2.0,-0.7777777777777779,-0.5,,,,9.0,-3.5,3.0,1.0383230170452435,-0.0122765025384057,0.0172190390617825,0.6363636363636364,-0.0592885375494071,0.1863636363636363,,,,0.5454545454545454,-0.1212121212121212,-0.2545454545454546,"Richmond, VA",40060,2022-01-09 14:29:56,1,-0.2943116431170619,-0.20163540422455686,-0.17246426023089584,0.16344131000681872,-0.08674159056299272
84,6336745,2021-07-01,2021-09-30,90,neighborhood,1,57134,f,"Ashburn, VA - Ashburn Farm",Ashburn,Virginia,VA,Single Family Residential,6,799500.0,-0.0006249999999999,0.1244725738396623,787000.0,0.0025477707006369,0.1164704213363598,232.5504815648499,-0.0016680498446483,0.0984903663536573,230.97381930472895,0.0139411453590772,0.1877746760535552,24.0,-0.2727272727272727,0.1428571428571428,5.0,-0.1666666666666666,-0.2857142857142857,18.0,-0.28,-0.3076923076923077,2.0,1.0,-0.6,,,,11.5,3.5,-14.0,1.0196587178600365,-0.018878845155315,0.0059172903234323,0.7083333333333334,-0.1401515151515151,0.0416666666666667,,,,0.6,0.0999999999999999,0.0285714285714285,"Washington, DC",47894,2022-01-09 14:29:56,1,-0.08671305492605615,-0.33367010475348213,0.15476014408217761,0.015166178294998282,0.1364895252523888
85,6538948,2021-07-01,2021-09-30,90,neighborhood,1,206252,f,"Gainesville, VA - Dominion Valley Country Club",Gainesville,Virginia,VA,Single Family Residential,6,810000.0,-0.0018484288354898,0.1408450704225352,785000.0,-0.0150564617314931,0.0680272108843538,189.52682355090585,0.0028376036876476,0.18038635720301,184.47133508833736,0.0104894285661403,0.1782362692738968,58.0,-0.2368421052631578,0.0545454545454544,13.0,-0.1875,-0.409090909090909,44.0,-0.3125,-0.1372549019607842,10.0,0.0,-0.4736842105263158,,,,5.0,0.0,-25.5,1.0185997633594457,-0.0061107919195821,0.0119770017576268,0.5689655172413794,-0.0099818511796733,0.0780564263322884,,,,0.5384615384615384,-0.2115384615384616,0.1293706293706293,"Washington, DC",47894,2022-01-09 14:29:56,1,-0.28982789537845427,-0.34789473786578134,-0.005273079272902733,-0.03554649784497696,0.24133332338130295
86,6614514,2021-07-01,2021-09-30,90,neighborhood,1,346859,f,"Norfolk, VA - Fairmont Park",Norfolk,Virginia,VA,Single Family Residential,6,208000.0,-0.0095238095238094,0.0666666666666666,215000.0,0.0749999999999999,0.11254851228978,155.57065217391303,-0.0358460815888352,0.1735283899146316,155.31385954008698,-0.0007774840615768,0.1474837966650777,49.0,0.0,0.0888888888888887,15.0,-0.1176470588235294,0.875,45.0,-0.2241379310344828,0.25,19.0,-0.2692307692307693,0.1875,,,,20.0,1.0,-1.0,1.004664922723281,-0.0019301093313013,0.0043927622490593,0.4897959183673469,-0.0408163265306122,0.0675736961451247,,,,0.2,-0.1529411764705882,-0.175,"Virginia Beach, VA",47260,2022-01-09 14:29:56,2,0.16690844132777227,0.09265153635739418,-0.0727269061689433,0.07890177721153585,0.06240524296901308
87,6643574,2021-07-01,2021-09-30,90,neighborhood,1,179137,f,"Chesapeake, VA - Norfolk Highlands",Chesapeake,Virginia,VA,Single Family Residential,6,285000.0,0.0363636363636363,0.1399999999999999,282500.0,0.0092890317970704,0.1532965911410491,166.57010428736965,-0.0049589563341706,0.0902743661150617,169.42090395480227,0.0478882770924975,0.0784297223393375,43.0,-0.1041666666666666,-0.2037037037037036,18.0,0.2857142857142858,1.0,53.0,0.0,0.1521739130434782,15.0,0.0,0.3636363636363635,,,,14.0,3.5,-1.0,1.0247697654075818,-0.0026532101364578,0.0211808416420524,0.7441860465116279,-0.0474806201550387,0.4108527131782945,,,,0.2222222222222222,-0.3492063492063492,-0.3333333333333333,"Virginia Beach, VA",47260,2022-01-09 14:29:56,1,-0.06618227378354745,-0.14746589284352074,-0.13679557058913588,-0.15181046264065187,-0.032580895695615265
88,6694116,2021-07-01,2021-09-30,90,neighborhood,1,179404,f,"Linton Hall, VA - Braemar",Linton Hall,Virginia,VA,Single Family Residential,6,612500.0,0.0040983606557376,0.165556612749762,616999.5,-0.0190786963434022,0.2594396815676669,184.8924427709824,0.0003401514076786,0.1835482555297536,176.5162600372504,-0.0021058711526916,0.1268416383999606,42.0,-0.1428571428571429,0.1666666666666667,11.0,0.1,0.1,34.0,-0.3061224489795918,-0.081081081081081,4.0,-0.5,3.0,,,,6.0,-0.5,-16.5,1.038320941475752,0.0022368795926499,0.0210774598829679,0.880952380952381,0.0850340136054421,0.1309523809523809,,,,0.5454545454545454,0.1454545454545454,-0.1545454545454545,"Washington, DC",47894,2022-01-09 14:29:56,1,-0.4120433622301981,-0.32461988995635116,0.07289530471406287,-0.029748897309596803,0.029956798904858827
89,6805085,2021-07-01,2021-09-30,90,neighborhood,1,59842,f,"Newport News, VA - Kiln Creek",Newport News,Virginia,VA,Single Family Residential,6,317500.0,-0.0465465465465465,0.0762711864406779,318950.0,0.0457377049180327,0.0631666666666666,147.01560412562824,0.0276668446027412,0.0758264313338017,157.05958549222797,0.0,0.1372756045322993,22.0,0.0,-0.4358974358974359,5.0,-0.2857142857142857,-0.2857142857142857,20.0,-0.1304347826086956,0.0526315789473683,9.0,-0.0999999999999999,-0.1818181818181817,,,,28.0,-3.0,-7.0,1.01273420314821,-0.0018612412961798,0.0199339579038866,0.5909090909090909,-0.0454545454545454,0.3601398601398601,,,,0.0,-0.1428571428571428,-0.1428571428571428,"Virginia Beach, VA",47260,2022-01-09 14:29:56,2,0.5007374798680174,-0.05087338615598961,-0.12442520555257028,-0.16631287308337958,-0.17857865089635624
90,6817646,2021-07-01,2021-09-30,90,neighborhood,1,475384,f,"Brandermill, VA - Deer Run",Brandermill,Virginia,VA,Single Family Residential,6,278500.0,0.0127272727272726,0.0921568627450979,270000.0,0.0,0.1044074036200019,169.25837320574163,-0.0145023362426165,0.1501002304844985,160.88516746411483,0.0,0.1027140290120267,31.0,-0.0606060606060605,0.2916666666666667,5.0,-0.2857142857142857,-0.4444444444444444,25.0,-0.1935483870967742,-0.0384615384615384,2.0,0.0,-0.3333333333333333,,,,6.0,-1.0,-8.0,1.0360824569123903,-0.0124816570351207,0.0187460083689952,0.8064516129032258,-0.0117302052785924,0.0981182795698923,,,,0.4,-0.457142857142857,-0.3777777777777777,"Richmond, VA",40060,2022-01-09 14:29:56,1,-0.39180910025771615,-0.3023468279718486,0.04019193026205574,0.14608234956730534,0.04369459937614613
91,6857382,2021-07-01,2021-09-30,90,neighborhood,1,56900,f,"Gainesville, VA - Piedmont",Gainesville,Virginia,VA,Single Family Residential,6,780000.0,0.0613688937270378,0.248,725000.0,-0.0522875816993464,0.1553784860557769,176.85764724763283,-0.0102246083081482,0.1957082125405916,173.79820390913892,0.0,0.1308522945009713,27.0,-0.3076923076923077,-0.1290322580645161,4.0,0.0,-0.4285714285714286,23.0,-0.2068965517241379,-0.1153846153846154,8.0,1.0,0.0,,,,26.0,1.5,15.0,1.0209186064579323,-0.0081077640827953,0.0103974380450164,0.7037037037037037,0.0113960113960114,0.1553166069295102,,,,0.5,0.0,0.2142857142857143,"Washington, DC",47894,2022-01-09 14:29:56,2,0.26410352796725595,-0.02508129665373588,0.22425402956531135,-0.32986625838497236,-0.1528110919412513
92,6929065,2021-07-01,2021-09-30,90,neighborhood,1,347460,f,"Norfolk, VA - Roosevelt Gardens",Norfolk,Virginia,VA,Single Family Residential,6,233750.0,-0.0240083507306889,0.1402439024390242,247000.0,0.0510638297872341,0.0739130434782608,175.9671465485419,-0.0283983624083571,0.0607400880719686,185.09990948217427,0.01909723748865,0.1612456002303654,26.0,0.0,0.1818181818181818,7.0,0.0,-0.125,30.0,0.2,0.3636363636363635,10.0,0.6666666666666667,1.5,,,,15.0,2.0,-15.5,1.028215885518024,-0.0078369679505456,0.0415725517043963,0.5769230769230769,-0.0769230769230769,0.3496503496503496,,,,0.7142857142857143,0.1428571428571429,0.4642857142857143,"Virginia Beach, VA",47260,2022-01-09 14:29:56,1,-0.18160531346913256,0.06804262256546399,-0.03900304715863756,0.005767969901086065,-0.07932059288322522
93,6961737,2021-07-01,2021-09-30,90,neighborhood,1,178952,f,"Hampton, VA - Coliseum Central",Hampton,Virginia,VA,Single Family Residential,6,235000.0,-0.0167364016736402,0.2876712328767124,219500.0,-0.0796645702306079,0.0209302325581395,142.85714285714286,0.0,0.0733012457245396,145.01160092807424,0.0344627253956999,0.1108253463369268,27.0,-0.1818181818181817,0.2272727272727273,8.0,0.6000000000000001,-0.4666666666666666,21.0,-0.1923076923076922,-0.125,9.0,0.0,0.0,,,,14.0,0.5,-24.5,1.0316457380070734,0.0015222640012264,0.0372250494803997,0.6666666666666666,-0.0303030303030303,0.3939393939393939,,,,0.625,0.025,0.425,"Virginia Beach, VA",47260,2022-01-09 14:29:56,1,-0.23048281945545257,-0.12791196042171618,0.3071740587531194,-0.22870253014788716,-0.012671726913436872
94,7098378,2021-07-01,2021-09-30,90,neighborhood,1,176394,f,"Virginia Beach, VA - Holland",Virginia Beach,Virginia,VA,Single Family Residential,6,305000.0,-0.0129449838187701,0.0971223021582734,300000.0,0.0003334444814937,0.0909090909090908,186.127413858387,0.0026063359838446,0.1245822259931281,185.3753985677696,0.0205935162318375,0.1162466285438994,334.0,-0.0538243626062322,-0.0176470588235294,110.0,0.0091743119266054,-0.0677966101694915,352.0,-0.0222222222222222,0.0538922155688623,99.0,0.0102040816326529,-0.0198019801980198,,,,19.0,0.0,-4.0,1.0216333830723463,-0.0059900132548935,0.0163870982015688,0.6766467065868264,-0.0627300639514172,0.2237055301162381,,,,0.3454545454545454,-0.0215179316096747,-0.0697996918335901,"Virginia Beach, VA",47260,2022-01-09 14:29:56,2,0.09616105434670863,-0.09240722199622423,-0.006941761104696491,-0.013493413057891843,-0.07343893435707512
95,7287938,2021-07-01,2021-09-30,90,neighborhood,1,180209,f,"Hampton, VA - Willow Oaks",Hampton,Virginia,VA,Single Family Residential,6,237000.0,-0.0778210116731517,0.185,242400.0,0.0104210087536473,0.0899280575539569,140.95744680851064,-0.0054304799604156,0.1096549258001073,148.8122222863408,0.0293902149262628,0.0745536468398036,73.0,0.028169014084507,0.1967213114754098,24.0,-0.2258064516129032,0.5,84.0,-0.0561797752808988,0.2727272727272727,32.0,0.032258064516129,0.1851851851851851,,,,18.0,2.0,-6.5,1.0047693208437871,-0.001409882522402,0.0257465487288446,0.4931506849315068,-0.0138915685896199,0.2308556029642937,,,,0.2083333333333333,-0.178763440860215,-0.2916666666666666,"Virginia Beach, VA",47260,2022-01-09 14:29:56,0,0.009586255026694277,0.16681347126758,0.0549555250915816,-0.07456117991085653,0.12487766495255669
96,7323229,2021-07-01,2021-09-30,90,neighborhood,1,19662,f,"Alexandria, VA - North Ridge-Rosemont",Alexandria,Virginia,VA,Single Family Residential,6,1062500.0,-0.0116279069767442,0.054590570719603,997000.0,0.0494736842105263,0.0020100502512563,457.61948403346673,-0.0121230185944209,0.1382030820658934,451.38888888888886,0.0248088829422237,0.0970692915137361,40.0,-0.2982456140350877,-0.1304347826086956,12.0,1.4,0.0,32.0,-0.2,-0.3333333333333333,16.0,0.1428571428571428,-0.3043478260869565,,,,24.0,10.0,-5.0,1.0178914808425126,0.0005984095228894,0.01861894265124,0.5,0.0263157894736842,0.0652173913043478,,,,0.6666666666666666,0.6666666666666666,0.3333333333333333,"Washington, DC",47894,2022-01-09 14:29:56,2,0.38384909692574143,-0.26636799557501856,0.10773127121271309,-0.00046592205551504044,-0.09934394700357908
97,7347960,2021-07-01,2021-09-30,90,neighborhood,1,57014,f,"Chesapeake, VA - Western Branch",Chesapeake,Virginia,VA,Single Family Residential,6,372500.0,0.0567375886524823,0.1253776435045317,330000.0,-0.0556588925454285,-0.020044543429844,165.42110967449378,-0.0033934297052179,0.1501936532054644,162.52955082742318,-0.0130656248353726,0.0932969380731742,164.0,-0.0786516853932583,-0.0409356725146199,52.0,-0.1475409836065574,-0.0188679245283018,187.0,-0.0922330097087378,0.1687499999999999,68.0,-0.081081081081081,0.0461538461538462,,,,18.0,1.0,-10.0,1.0143708705029948,-0.0044102800217138,0.0104778734209649,0.6463414634146342,-0.0053439298437928,0.3247040365140493,,,,0.2115384615384615,-0.2638713745271121,-0.20355587808418,"Virginia Beach, VA",47260,2022-01-09 14:29:56,2,0.06981581057293677,-0.01282284630526483,-0.05403562307022337,-0.06939939464633879,0.009451041656902878
98,7355140,2021-07-01,2021-09-30,90,neighborhood,1,180978,f,"Dale City, VA - Kirkdale",Dale City,Virginia,VA,Single Family Residential,6,435000.0,0.0116279069767442,0.1523178807947018,439900.0,0.0112643678160919,0.1889189189189188,208.69351669941065,-0.0077571887837113,0.1204449980179309,204.54545454545453,-0.0292932857332717,0.0974842034087994,23.0,0.0952380952380953,0.9166666666666669,6.0,-0.1428571428571429,0.2,25.0,-0.0384615384615384,0.6666666666666667,10.0,-0.1666666666666666,4.0,,,,29.5,19.0,26.0,1.0014135097230872,-0.0126632448280323,-0.0327585088195094,0.5652173913043478,-0.0062111801242236,-0.1847826086956522,,,,0.1666666666666666,-0.119047619047619,-0.4333333333333333,"Washington, DC",47894,2022-01-09 14:29:56,0,0.13692112603299278,0.7234025953130574,0.29755603300377387,0.2570384901479097,-0.04080124694222175
99,7389265,2021-07-01,2021-09-30,90,neighborhood,1,63161,f,"Newport News, VA - Nicewood",Newport News,Virginia,VA,Single Family Residential,6,255500.0,0.0428571428571429,0.2166666666666665,263700.0,0.0,0.2426955702167765,158.29085809040924,0.016593502537435,0.0930924640858679,161.6973489353188,0.024968342200732,0.1320260353142612,20.0,0.1111111111111111,0.3333333333333333,2.0,-0.7142857142857143,-0.5,14.0,-0.125,-0.2222222222222222,3.0,-0.4,0.0,,,,14.5,-1.0,-5.0,1.0416152485441592,-0.0047258595201529,0.0393796592910376,0.7,-0.0222222222222222,0.2999999999999999,,,,0.0,-0.7142857142857143,-0.25,"Virginia Beach, VA",47260,2022-01-09 14:29:56,1,-0.2275938583028134,-0.2160586134538474,0.3410262525664876,-0.06480511728443304,-0.11790322400601237
100,7421800,2021-07-01,2021-09-30,90,neighborhood,1,180679,f,"Virginia Beach, VA - Sandbridge",Virginia Beach,Virginia,VA,Single Family Residential,6,925000.0,-0.0133333333333333,0.2416107382550336,964900.0,-0.1228181818181818,0.1353100364748793,380.478896103896,-0.0042802672246237,0.3967916521398065,391.815411406182,0.0003797738030177,0.3211297233491974,25.0,0.1363636363636364,-0.3243243243243243,10.0,0.1111111111111111,2.333333333333333,23.0,-0.2580645161290322,0.769230769230769,7.0,-0.4166666666666666,-0.6666666666666667,,,,23.0,6.0,-63.0,0.9860285886736976,-0.0148484470735482,0.0168238941927642,0.36,-0.0490909090909091,0.1978378378378378,,,,0.3,0.0777777777777777,0.3,"Virginia Beach, VA",47260,2022-01-09 14:29:56,0,0.22769212425335666,0.46365781493356145,-0.28582228417132055,-0.39079967471339205,0.14445673462112144
101,7542806,2021-07-01,2021-09-30,90,neighborhood,1,180962,f,"Richmond, VA - North Richmond",Richmond,Virginia,VA,Single Family Residential,6,325000.0,0.0,0.1504424778761062,325000.0,0.0001538698261271,0.1609215931416323,203.38983050847455,0.0105527455280858,0.2463998026258156,192.5722145804677,-0.0091081278670903,0.1575151492620543,147.0,-0.0925925925925925,-0.1144578313253011,46.0,-0.3030303030303029,-0.1636363636363636,183.0,-0.0663265306122449,0.1366459627329192,79.0,0.161764705882353,0.6808510638297873,,,,8.0,0.0,-2.0,1.031717135595308,-0.0133046463894981,0.0151118457660917,0.5782312925170068,-0.0884353741496598,0.090279485288091,,,,0.5869565217391305,-0.0039525691699604,-0.1039525691699604,"Richmond, VA",40060,2022-01-09 14:29:56,1,-0.2941994218950761,-0.23754001256000865,-0.13726958109427198,-0.1213341649322218,0.014120225107902585
102,7547717,2021-07-01,2021-09-30,90,neighborhood,1,181231,f,"Suffolk, VA - Holy Neck",Suffolk,Virginia,VA,Single Family Residential,6,395000.0,0.038107752956636,0.3036303630363035,389900.0,0.0397333333333334,0.0833564879133093,157.23608984175596,-0.0011539573927297,0.0768568410633197,167.47189481464193,0.0001070224365034,0.1191434602065544,97.0,0.0319148936170212,0.5396825396825398,26.0,0.1818181818181818,-0.3953488372093024,85.0,-0.0760869565217391,-0.2857142857142857,52.0,-0.1034482758620689,0.0,,,,25.0,5.0,-16.0,1.0123303579830392,-0.0031633648840432,0.0042545831973253,0.5463917525773195,-0.0493529282737442,0.117820324005891,,,,0.2692307692307692,-0.2307692307692308,-0.1726296958855098,"Virginia Beach, VA",47260,2022-01-09 14:29:56,2,0.13266162903631662,0.09781963177075062,0.6192162646935091,-0.15310751025076988,0.031177161406503017
103,7654713,2021-07-01,2021-09-30,90,neighborhood,1,180407,f,"Norfolk, VA - Willow Terrace",Norfolk,Virginia,VA,Single Family Residential,6,289900.0,0.0737037037037036,0.1760768364790716,275000.0,-0.0263763497964241,0.1275112751127511,173.2888888888889,0.0237038374125155,0.1222192363350103,167.21717588769613,-0.0965936077231924,0.0489093029248244,21.0,-0.1923076923076922,-0.1923076923076922,6.0,0.2,-0.3333333333333333,35.0,0.25,0.9444444444444444,19.0,0.8999999999999998,2.8,,,,13.0,1.0,-18.0,1.013173402707552,0.0073232317589604,0.027471909258015,0.4761904761904762,-0.0238095238095238,0.2069597069597069,,,,0.6666666666666666,-0.1333333333333334,0.2222222222222222,"Virginia Beach, VA",47260,2022-01-09 14:29:56,0,-0.21673755334743272,0.3219452542893265,-0.43745736134679836,-0.2011844652331111,0.025541979527478727
104,7806893,2021-07-01,2021-09-30,90,neighborhood,1,180748,f,"Suffolk, VA - Cypress",Suffolk,Virginia,VA,Single Family Residential,6,330000.0,0.0,0.0962544639149571,338000.0,0.0242424242424241,0.0257966616084976,162.57995735607676,0.0170075525314967,0.1241287685914009,164.09746394828443,0.0424289856163238,0.1270215922951343,63.0,0.1052631578947369,-0.0735294117647058,17.0,-0.3703703703703704,-0.1052631578947368,77.0,0.013157894736842,0.1159420289855073,27.0,0.2857142857142858,-0.0689655172413793,,,,21.0,-0.5,-7.0,1.030299082839132,-0.0015610684120488,0.0281023236366289,0.7777777777777779,0.023391812865497,0.3513071895424837,,,,0.4117647058823529,-0.1067538126361655,0.1486068111455108,"Virginia Beach, VA",47260,2022-01-09 14:29:56,2,0.10945174979914903,-0.0725511275291578,-0.028475543344037645,-0.036330926411893116,-0.2082516411950747
105,7831642,2021-07-01,2021-09-30,90,neighborhood,1,547645,f,"Arlington, VA - South Arlington",Arlington,Virginia,VA,Single Family Residential,6,889900.0,-0.0112222222222222,0.090563725490196,859950.0,-0.0444416047647355,0.0128975265017667,419.2286193404136,0.024163409873086,0.0639981258014663,408.3875564799369,-0.0208648856968402,-0.0065347605630923,73.0,-0.2474226804123711,0.028169014084507,17.0,-0.3703703703703704,-0.4137931034482759,84.0,-0.0869565217391305,0.0909090909090908,50.0,0.3888888888888888,0.6666666666666667,,,,22.0,2.5,-6.0,1.0084063363295837,-0.0048833922441606,-0.0100329275691051,0.4931506849315068,-0.0326225109447818,0.0001929384526335,,,,0.4117647058823529,-0.0326797385620914,-0.0709939148073022,"Washington, DC",47894,2022-01-09 14:29:56,2,0.2348006527304513,0.022101552127104865,0.010908066993240234,0.009026262866042268,0.005751859243093014
106,8094400,2021-07-01,2021-09-30,90,neighborhood,1,549679,f,"Norfolk, VA - Layfayette",Norfolk,Virginia,VA,Single Family Residential,6,289950.0,0.0738888888888889,0.0543636363636363,289900.0,-0.0302726208396052,0.1503968253968253,163.7998332575413,-0.0651316899180326,0.1443549994704942,172.3706896551724,0.0200255326404184,0.1721645673857099,20.0,-0.1304347826086956,0.0526315789473683,6.0,0.5,1.0,17.0,-0.2272727272727273,-0.0555555555555555,9.0,0.125,0.0,,,,23.5,4.5,-20.0,1.000362507048034,-0.0129563035782445,0.0029249424845279,0.55,-0.1021739130434782,0.1289473684210527,,,,0.1666666666666666,0.1666666666666666,-0.1666666666666666,"Virginia Beach, VA",47260,2022-01-09 14:29:56,2,0.3636481943091148,-0.0218046063511914,0.05480598062850262,0.0751009664393122,0.07157503806775936
107,8128546,2021-07-01,2021-09-30,90,neighborhood,1,87366,f,"Richmond, VA - North Highland Park",Richmond,Virginia,VA,Single Family Residential,6,287500.0,0.0176991150442478,0.1734693877551021,294500.0,-0.0709779179810725,0.6452513966480447,168.72012168622337,0.0234787762357882,0.1829224888483913,177.62876385392482,-0.0063834786729918,0.2453823369089303,20.0,-0.0909090909090909,-0.0476190476190476,5.0,-0.1666666666666666,-0.375,24.0,-0.0769230769230768,0.1428571428571428,19.0,0.3571428571428572,2.1666666666666665,,,,17.5,6.0,-8.0,1.002965052844118,-0.0076963084610222,0.0050070477528181,0.55,-0.0863636363636363,0.2166666666666667,,,,0.6,0.2666666666666666,-0.025,"Richmond, VA",40060,2022-01-09 14:29:56,2,0.09071208377726483,0.027029743113861682,-0.017544047554191627,-0.15522054904552504,0.14566755069644063
108,8131470,2021-07-01,2021-09-30,90,neighborhood,1,176466,f,"Virginia Beach, VA - Courthouse-Sandbridge",Virginia Beach,Virginia,VA,Single Family Residential,6,447800.0,0.0062921348314606,0.0796865581675707,424750.0,-0.0122093023255813,0.0618749999999999,204.79417310324365,0.0017600863819262,0.1413647000832469,205.30315842881907,0.0056551875876429,0.1181689878712468,382.0,-0.0353535353535353,-0.0947867298578198,93.0,-0.1621621621621621,-0.1057692307692307,335.0,-0.1518987341772152,0.0,99.0,-0.0571428571428571,-0.2442748091603053,,,,20.0,2.0,-6.5,1.0164769388896997,-0.0068602088512552,0.0207095538275022,0.5759162303664922,-0.0225686181183563,0.222835661646113,,,,0.3010752688172043,-0.1403661726242371,-0.0450785773366418,"Virginia Beach, VA",47260,2022-01-09 14:29:56,2,0.18875254674239164,-0.11918366705785206,-0.029778460137448042,-0.018487425294031738,-0.042095319027521845
109,8287528,2021-07-01,2021-09-30,90,neighborhood,1,179621,f,"Montclair, VA - Lake Montclair",Montclair,Virginia,VA,Single Family Residential,6,528000.0,-0.0267281105990783,0.1478260869565217,525000.0,-0.004739336492891,0.1183299605921823,186.8764857973267,-0.0363218090009968,0.0640518272949826,181.31356655290105,-0.0187712968376161,0.0871421215104553,30.0,-0.3478260869565217,-0.1891891891891891,5.0,-0.375,-0.2857142857142857,35.0,-0.125,0.1666666666666667,16.0,0.3333333333333333,1.2857142857142856,,,,6.0,1.0,-23.0,1.0220201660029955,-0.0078217335836168,0.0037726799084258,0.6,-0.117391304347826,-0.0756756756756756,,,,0.0,-0.25,-0.7142857142857143,"Washington, DC",47894,2022-01-09 14:29:56,1,-0.2897417360242639,-0.24005567142456308,-0.21415082471881006,-0.14512978174940638,0.13908205122813055
110,8409333,2021-07-01,2021-09-30,90,neighborhood,1,57830,f,"Norfolk, VA - Bayview",Norfolk,Virginia,VA,Single Family Residential,6,302500.0,0.0185185185185186,0.2448559670781893,275000.0,0.0,0.1482254697286011,178.0427787242097,0.0137741840405776,0.1472147742142555,176.14285714285714,-0.0166195918367347,0.1104884439139071,54.0,-0.0689655172413793,-0.1147540983606557,11.0,-0.2142857142857143,-0.5217391304347826,65.0,0.0,0.0833333333333332,31.0,0.8235294117647058,1.5833333333333337,,,,14.0,0.0,-10.0,1.02090663944615,0.0025290542718836,0.0269563414981189,0.5925925925925926,-0.0280970625798212,0.2483302975106253,,,,0.5454545454545454,0.1168831168831168,0.1541501976284584,"Virginia Beach, VA",47260,2022-01-09 14:29:56,1,-0.11631875692455525,-0.09240117228912513,0.023825657959969722,-0.2952010923950454,0.040465313404861654
111,8455086,2021-07-01,2021-09-30,90,neighborhood,1,347907,f,"Chesapeake, VA - Great Bridge",Chesapeake,Virginia,VA,Single Family Residential,6,464950.0,-0.0054545454545454,0.13679706601467,445000.0,-0.021978021978022,0.1057342883233216,179.56244360608738,0.0233308337954369,0.1510413051672265,178.5372085595656,0.0214735572868631,0.1282381357720001,148.0,-0.1395348837209302,-0.103030303030303,34.0,-0.4137931034482759,-0.081081081081081,143.0,-0.10062893081761,-0.0337837837837837,38.0,-0.073170731707317,-0.3214285714285714,,,,19.0,1.0,-5.0,1.0228846349059966,-0.0038084701488347,0.0241640157004655,0.6959459459459459,-0.0017284726587052,0.3262489762489762,,,,0.3529411764705882,-0.1470588235294117,0.0826709062003179,"Virginia Beach, VA",47260,2022-01-09 14:29:56,2,0.10168243260278093,-0.14375118473112716,0.028922436718691918,-0.1164072393453762,-0.07566165345190226
112,8456653,2021-07-01,2021-09-30,90,neighborhood,1,764352,f,"Tuckahoe, VA - Midlothian",Tuckahoe,Virginia,VA,Single Family Residential,6,410000.0,-0.0681818181818182,0.0347003154574132,395000.0,0.0259740259740259,0.0261072866606053,169.08212560386474,-0.014402449947489,0.1792653916570594,159.72222222222226,-0.0050004693702391,0.0801628348338634,223.0,-0.1356589147286822,-0.1616541353383458,64.0,-0.2289156626506024,-0.0857142857142857,219.0,-0.1673003802281368,-0.1204819277108434,39.0,-0.1333333333333333,-0.4583333333333334,,,,9.0,1.0,-6.0,1.041720454384902,-0.0057542310282558,0.0384449940830331,0.7309417040358744,0.0100114714777349,0.3474830574193331,,,,0.640625,0.038215361445783,-0.1022321428571428,"Richmond, VA",40060,2022-01-09 14:29:56,1,-0.18494979276433374,-0.46750873006186444,-0.14280421940190108,0.05375143379889474,-0.10304046333203039
113,8528944,2021-07-01,2021-09-30,90,neighborhood,1,58830,f,"Portsmouth, VA - Prentis Park",Portsmouth,Virginia,VA,Single Family Residential,6,211500.0,0.1756531406336854,0.2085714285714286,199950.0,-0.0002499999999999,0.2048809882494726,132.4561403508772,0.099981788380987,0.1925785085978146,121.80697749757609,-0.0104620023601974,0.1444959694349132,28.0,0.0370370370370369,0.1666666666666667,11.0,1.2000000000000002,0.8333333333333331,28.0,0.0370370370370369,0.0,12.0,-0.25,-0.25,,,,35.0,13.0,3.5,1.0206074413084802,0.0319818444616336,0.0296977632175233,0.3928571428571429,0.0224867724867724,-0.0238095238095238,,,,0.2727272727272727,-0.1272727272727273,-0.5606060606060607,"Virginia Beach, VA",47260,2022-01-09 14:29:56,2,0.3524074111238032,0.16963832745947555,0.32530783156906423,-0.15074051062937815,-0.2419328765487564
114,8749935,2021-07-01,2021-09-30,90,neighborhood,1,179029,f,"Richmond, VA - East End",Richmond,Virginia,VA,Single Family Residential,6,270000.0,-0.0091743119266054,0.2,259450.0,0.0378,0.0548892051229925,192.28098290598285,-0.0017119479344185,0.1708670994385279,188.2387706855792,0.0061086572977586,0.1210885743485119,107.0,-0.0092592592592593,0.0190476190476189,41.0,0.1081081081081081,0.3225806451612902,130.0,0.0,0.1206896551724137,48.0,-0.04,-0.1111111111111111,,,,10.0,3.0,-4.0,1.017019164211928,-0.0149770109835187,0.0224349901509373,0.4579439252336449,-0.143907926618207,0.0293724966622163,,,,0.4634146341463415,0.003955174686882,0.011801730920535,"Richmond, VA",40060,2022-01-09 14:29:56,1,-0.21933572135933477,-0.10851467227868211,-0.019189587769320296,-0.15745863352877307,0.1489121724110403
115,8773495,2021-07-01,2021-09-30,90,neighborhood,1,59056,f,"Norfolk, VA - South Bayview",Norfolk,Virginia,VA,Single Family Residential,6,268000.0,-0.0147058823529411,0.1657242279251849,252449.5,0.0,0.031669391091132,177.18446601941747,0.020764920045688,0.1347345589754183,173.14901240515476,-0.000695967040985,0.1600500586634272,21.0,-0.2758620689655172,0.2352941176470589,5.0,-0.1666666666666666,0.25,20.0,-0.2307692307692307,0.0,6.0,-0.25,-0.1428571428571429,,,,15.0,1.0,-7.0,1.0255550686957149,-0.0061479212522148,0.0355454751729678,0.7142857142857143,-0.044334975369458,0.4201680672268908,,,,0.2,-0.1333333333333333,-0.3,"Virginia Beach, VA",47260,2022-01-09 14:29:56,1,-0.12352038128813728,-0.09066198598526891,0.1517078225721199,-0.019675664987263808,-0.004343678477073001
